City/Town,Report Date,Total Case Count,Case Count (Last 14 Days),% Change,Total Tested,Total Tested (Last 14 days),Total Positive Tests (Last 14 days),Percent Positivity (Last 14 Days)
Abington,08/05/2020,248,6,No Change,3264,349,6,1.72%
Acton,08/05/2020,174,<5,No Change,4182,667,4,0.60%
Acushnet,08/05/2020,103,<5,Decrease,1746,212,4,1.89%
Adams,08/05/2020,35,0,No Change,1147,208,0,0%
Agawam,08/05/2020,506,19,Decrease,6865,1034,25,2.42%
Alford,08/05/2020,<5,0,No Change,36,4,0,0%
Amesbury,08/05/2020,193,<5,Decrease,3438,492,3,0.61%
Amherst,08/05/2020,115,10,Increase,4297,729,11,1.51%
Andover,08/05/2020,331,11,Increase,7565,1240,11,0.89%
Aquinnah,08/05/2020,<5,0,No Change,114,20,0,0%
Arlington,08/05/2020,324,<5,Decrease,8707,1387,7,0.50%
Ashburnham,08/05/2020,34,<5,Increase,1070,147,1,0.68%
Ashby,08/05/2020,15,0,No Change,469,61,0,0%
Ashfield,08/05/2020,<5,0,No Change,227,32,0,0%
Ashland,08/05/2020,262,8,No Change,3630,630,19,3.02%
Athol,08/05/2020,69,<5,Decrease,2718,393,1,0.25%
Attleboro,08/05/2020,700,18,Increase,7984,713,21,2.95%
Auburn,08/05/2020,232,10,Increase,3401,417,10,2.40%
Avon,08/05/2020,81,<5,Decrease,979,119,2,1.68%
Ayer,08/05/2020,146,<5,No Change,3821,319,4,1.25%
Barnstable,08/05/2020,400,14,Decrease,8487,1142,15,1.31%
Barre,08/05/2020,62,0,No Change,999,136,0,0%
Becket,08/05/2020,16,0,No Change,259,39,0,0%
Bedford,08/05/2020,253,6,Increase,6949,670,8,1.19%
Belchertown,08/05/2020,125,12,Decrease,2476,453,12,2.65%
Bellingham,08/05/2020,143,<5,No Change,2788,423,1,0.24%
Belmont,08/05/2020,242,7,Increase,4864,802,8,1.00%
Berkley,08/05/2020,76,<5,Increase,1208,143,5,3.50%
Berlin,08/05/2020,21,0,Decrease,596,98,0,0%
Bernardston,08/05/2020,7,0,No Change,352,61,0,0%
Beverly,08/05/2020,644,12,Decrease,8818,1116,15,1.34%
Billerica,08/05/2020,593,9,Decrease,8610,1204,14,1.16%
Blackstone,08/05/2020,61,<5,Increase,1458,192,5,2.60%
Blandford,08/05/2020,<5,0,No Change,129,17,0,0%
Bolton,08/05/2020,12,<5,Increase,865,166,1,0.60%
Boston,08/05/2020,15001,440,Increase,181874,24898,538,2.16%
Bourne,08/05/2020,165,<5,Decrease,4057,573,1,0.17%
Boxborough,08/05/2020,28,<5,Increase,858,165,2,1.21%
Boxford,08/05/2020,49,<5,Decrease,1390,252,3,1.19%
Boylston,08/05/2020,23,<5,No Change,801,124,1,0.81%
Braintree,08/05/2020,836,6,Decrease,8823,872,7,0.80%
Brewster,08/05/2020,115,<5,Decrease,2108,369,5,1.36%
Bridgewater,08/05/2020,363,<5,Decrease,6566,581,4,0.69%
Brimfield,08/05/2020,9,<5,Decrease,514,89,1,1.12%
Brockton,08/05/2020,4426,79,Increase,29476,2540,130,5.12%
Brookfield,08/05/2020,22,<5,No Change,582,117,3,2.56%
Brookline,08/05/2020,425,16,Increase,11245,2003,17,0.85%
Buckland,08/05/2020,8,0,No Change,49,3,0,0%
Burlington,08/05/2020,276,6,Increase,4943,641,7,1.09%
Cambridge,08/05/2020,1034,33,Increase,35422,5500,44,0.80%
Canton,08/05/2020,311,11,Increase,5818,821,15,1.83%
Carlisle,08/05/2020,20,<5,Increase,819,158,1,0.63%
Carver,08/05/2020,65,<5,Increase,1991,231,5,2.16%
Charlemont,08/05/2020,<5,<5,Increase,201,27,2,7.41%
Charlton,08/05/2020,100,10,Decrease,2833,556,10,1.80%
Chatham,08/05/2020,22,0,Decrease,1155,144,0,0%
Chelmsford,08/05/2020,357,7,Decrease,8432,1193,11,0.92%
Chelsea,08/05/2020,3106,93,Increase,17268,2274,112,4.93%
Cheshire,08/05/2020,<5,0,No Change,487,111,0,0%
Chester,08/05/2020,<5,0,No Change,164,23,0,0%
Chesterfield,08/05/2020,<5,0,No Change,141,24,0,0%
Chicopee,08/05/2020,541,43,Decrease,10281,1519,58,3.82%
Chilmark,08/05/2020,<5,0,No Change,777,155,0,0%
Clarksburg,08/05/2020,8,0,No Change,204,41,0,0%
Clinton,08/05/2020,263,<5,Decrease,3289,479,5,1.04%
Cohasset,08/05/2020,28,<5,No Change,1078,139,1,0.72%
Colrain,08/05/2020,<5,0,No Change,227,41,0,0%
Concord,08/05/2020,182,<5,Decrease,5190,644,3,0.47%
Conway,08/05/2020,<5,0,No Change,304,54,0,0%
Cummington,08/05/2020,<5,0,No Change,147,16,0,0%
Dalton,08/05/2020,18,<5,Increase,1106,196,2,1.02%
Danvers,08/05/2020,757,10,Increase,8798,930,13,1.40%
Dartmouth,08/05/2020,407,9,Decrease,7096,700,12,1.71%
Dedham,08/05/2020,425,<5,Decrease,6323,753,6,0.80%
Deerfield,08/05/2020,13,<5,Decrease,916,191,1,0.52%
Dennis,08/05/2020,99,<5,Decrease,2543,298,4,1.34%
Dighton,08/05/2020,68,0,Decrease,1224,137,0,0%
Douglas,08/05/2020,49,0,No Change,1270,189,0,0%
Dover,08/05/2020,22,0,Decrease,883,198,0,0%
Dracut,08/05/2020,493,9,Increase,8252,1114,10,0.90%
Dudley,08/05/2020,100,<5,Increase,1969,336,4,1.19%
Dunstable,08/05/2020,10,0,No Change,440,58,0,0%
Duxbury,08/05/2020,119,<5,Increase,3172,356,2,0.56%
East Bridgewater,08/05/2020,189,5,Decrease,2569,282,7,2.48%
East Brookfield,08/05/2020,13,0,No Change,340,46,0,0%
East Longmeadow,08/05/2020,282,<5,Decrease,3334,423,4,0.95%
Eastham,08/05/2020,14,<5,Decrease,773,112,1,0.89%
Easthampton,08/05/2020,100,8,Decrease,3159,544,11,2.02%
Easton,08/05/2020,294,6,Decrease,4513,630,7,1.11%
Edgartown,08/05/2020,9,0,No Change,1989,363,0,0%
Egremont,08/05/2020,7,<5,No Change,148,27,2,7.41%
Erving,08/05/2020,6,0,No Change,280,49,0,0%
Essex,08/05/2020,24,0,No Change,580,83,0,0%
Everett,08/05/2020,1894,68,Increase,14613,1701,82,4.82%
Fairhaven,08/05/2020,247,<5,Decrease,4162,348,2,0.57%
Fall River,08/05/2020,1818,84,Decrease,24515,3157,112,3.55%
Falmouth,08/05/2020,235,12,Decrease,7985,1135,13,1.15%
Fitchburg,08/05/2020,824,10,No Change,10495,1018,14,1.38%
Florida,08/05/2020,<5,0,No Change,75,14,0,0%
Foxborough,08/05/2020,131,<5,Decrease,4616,1075,3,0.28%
Framingham,08/05/2020,1827,42,Decrease,16068,2012,56,2.78%
Franklin,08/05/2020,154,11,Increase,4984,845,11,1.30%
Freetown,08/05/2020,111,<5,Decrease,1471,162,4,2.47%
Gardner,08/05/2020,200,<5,Increase,6877,613,3,0.49%
Georgetown,08/05/2020,69,7,Increase,1436,203,7,3.45%
Gill,08/05/2020,<5,0,No Change,197,39,0,0%
Gloucester,08/05/2020,275,8,Decrease,5405,839,9,1.07%
Goshen,08/05/2020,5,0,No Change,76,20,0,0%
Gosnold,08/05/2020,5,0,Decrease,104,79,0,0%
Grafton,08/05/2020,102,<5,No Change,3002,483,5,1.04%
Granby,08/05/2020,38,6,Increase,924,206,7,3.40%
Granville,08/05/2020,12,0,No Change,256,35,0,0%
Great Barrington,08/05/2020,74,<5,No Change,2159,278,1,0.36%
Greenfield,08/05/2020,215,6,Increase,4091,620,6,0.97%
Groton,08/05/2020,44,<5,No Change,1923,305,1,0.33%
Groveland,08/05/2020,41,0,No Change,1111,144,0,0%
Hadley,08/05/2020,45,0,Decrease,1952,391,0,0%
Halifax,08/05/2020,59,0,Decrease,1290,136,0,0%
Hamilton,08/05/2020,39,<5,Decrease,1307,246,4,1.63%
Hampden,08/05/2020,99,0,Decrease,979,104,0,0%
Hancock,08/05/2020,<5,<5,Increase,36,6,1,16.67%
Hanover,08/05/2020,78,<5,Increase,2158,248,4,1.61%
Hanson,08/05/2020,110,0,Decrease,1846,185,0,0%
Hardwick,08/05/2020,10,<5,No Change,353,51,1,1.96%
Harvard,08/05/2020,18,0,No Change,917,156,0,0%
Harwich,08/05/2020,139,<5,Decrease,2881,454,3,0.66%
Hatfield,08/05/2020,19,<5,Increase,582,100,1,1.00%
Haverhill,08/05/2020,1283,18,Decrease,15691,1873,21,1.12%
Hawley,08/05/2020,0,0,No Change,27,6,0,0%
Heath,08/05/2020,0,0,No Change,53,7,0,0%
Hingham,08/05/2020,295,11,Increase,4638,631,14,2.22%
Hinsdale,08/05/2020,5,<5,No Change,385,69,1,1.45%
Holbrook,08/05/2020,205,<5,No Change,2369,253,3,1.19%
Holden,08/05/2020,129,0,Decrease,3995,597,0,0%
Holland,08/05/2020,10,<5,No Change,325,75,3,4.00%
Holliston,08/05/2020,63,6,Increase,2358,386,6,1.55%
Holyoke,08/05/2020,1007,40,Decrease,12564,2299,53,2.31%
Hopedale,08/05/2020,47,<5,Decrease,1392,186,1,0.54%
Hopkinton,08/05/2020,135,<5,Increase,3125,465,3,0.65%
Hubbardston,08/05/2020,8,<5,Increase,726,107,1,0.93%
Hudson,08/05/2020,196,0,No Change,3721,616,1,0.16%
Hull,08/05/2020,59,6,Increase,1654,226,6,2.65%
Huntington,08/05/2020,14,0,No Change,389,69,0,0%
Ipswich,08/05/2020,77,6,Increase,2797,400,6,1.50%
Kingston,08/05/2020,141,<5,Increase,2833,319,7,2.19%
Lakeville,08/05/2020,62,0,No Change,1694,251,0,0%
Lancaster,08/05/2020,106,<5,Increase,1573,242,3,1.24%
Lanesborough,08/05/2020,8,0,No Change,430,71,0,0%
Lawrence,08/05/2020,3824,98,Decrease,28496,3414,119,3.49%
Lee,08/05/2020,22,<5,Decrease,1091,188,2,1.06%
Leicester,08/05/2020,163,<5,Decrease,2179,259,5,1.93%
Lenox,08/05/2020,19,5,Increase,1426,214,5,2.34%
Leominster,08/05/2020,730,18,No Change,10715,1131,21,1.86%
Leverett,08/05/2020,<5,0,No Change,325,66,0,0%
Lexington,08/05/2020,339,5,Decrease,5639,805,7,0.87%
Leyden,08/05/2020,0,0,No Change,23,6,0,0%
Lincoln,08/05/2020,44,<5,Increase,1509,204,3,1.47%
Littleton,08/05/2020,105,<5,Increase,1919,311,2,0.64%
Longmeadow,08/05/2020,240,13,Increase,3226,551,13,2.36%
Lowell,08/05/2020,3040,34,Decrease,34452,4418,50,1.13%
Ludlow,08/05/2020,135,<5,Increase,3748,531,4,0.75%
Lunenburg,08/05/2020,69,<5,Decrease,1965,294,2,0.68%
Lynn,08/05/2020,4020,223,Increase,31194,4543,278,6.12%
Lynnfield,08/05/2020,102,<5,Increase,2459,404,4,0.99%
Malden,08/05/2020,1331,45,Increase,15064,1834,60,3.27%
Manchester,08/05/2020,21,0,Decrease,803,157,0,0%
Mansfield,08/05/2020,179,8,Decrease,3759,504,10,1.98%
Marblehead,08/05/2020,254,9,Increase,4751,699,10,1.43%
Marion,08/05/2020,15,<5,Increase,1378,352,2,0.57%
Marlborough,08/05/2020,1045,26,Decrease,10986,1687,31,1.84%
Marshfield,08/05/2020,175,0,Decrease,4382,509,0,0%
Mashpee,08/05/2020,75,<5,Decrease,3362,464,6,1.29%
Mattapoisett,08/05/2020,42,<5,Decrease,1046,145,1,0.69%
Maynard,08/05/2020,78,7,Increase,2079,322,7,2.17%
Medfield,08/05/2020,39,0,No Change,1967,309,1,0.32%
Medford,08/05/2020,1091,25,Increase,15253,2131,27,1.27%
Medway,08/05/2020,123,<5,Decrease,2250,382,1,0.26%
Melrose,08/05/2020,287,11,Decrease,7310,1030,16,1.55%
Mendon,08/05/2020,32,0,No Change,900,147,1,0.68%
Merrimac,08/05/2020,36,<5,Increase,1099,142,1,0.70%
Methuen,08/05/2020,1086,22,Decrease,12534,1542,31,2.01%
Middleborough,08/05/2020,279,5,Increase,4986,644,7,1.09%
Middlefield,08/05/2020,0,0,No Change,23,2,0,0%
Middleton,08/05/2020,179,7,Increase,1963,241,7,2.90%
Milford,08/05/2020,679,15,Increase,7400,853,17,1.99%
Millbury,08/05/2020,224,8,Increase,2732,347,9,2.59%
Millis,08/05/2020,52,<5,Increase,1360,202,3,1.49%
Millville,08/05/2020,24,<5,Increase,486,65,2,3.08%
Milton,08/05/2020,323,9,Increase,5437,814,11,1.35%
Monroe,08/05/2020,0,0,No Change,11,0,0,0%
Monson,08/05/2020,44,0,No Change,1216,226,1,0.44%
Montague,08/05/2020,29,0,No Change,1538,233,0,0%
Monterey,08/05/2020,<5,0,No Change,140,28,0,0%
Montgomery,08/05/2020,<5,0,No Change,40,12,0,0%
Mount Washington,08/05/2020,0,0,No Change,4,1,0,0%
Nahant,08/05/2020,44,<5,Decrease,783,143,4,2.80%
Nantucket,08/05/2020,30,<5,Decrease,2597,453,3,0.66%
Natick,08/05/2020,441,7,Decrease,6592,997,8,0.80%
Needham,08/05/2020,369,16,Decrease,6349,1102,21,1.91%
New Ashford,08/05/2020,0,0,No Change,17,1,0,0%
New Bedford,08/05/2020,2258,46,Decrease,24651,2722,60,2.20%
New Braintree,08/05/2020,<5,<5,No Change,119,19,1,5.26%
New Marlborough,08/05/2020,8,<5,Increase,144,21,1,4.76%
New Salem,08/05/2020,<5,<5,Increase,167,32,2,6.25%
Newbury,08/05/2020,15,<5,No Change,1189,183,1,0.55%
Newburyport,08/05/2020,118,<5,Decrease,4560,669,2,0.30%
Newton,08/05/2020,816,23,Decrease,19845,3169,27,0.85%
Norfolk,08/05/2020,38,6,Decrease,2952,309,6,1.94%
North Adams,08/05/2020,51,<5,Decrease,1830,335,2,0.60%
North Andover,08/05/2020,368,6,No Change,7488,1141,7,0.61%
North Attleborough,08/05/2020,276,10,Increase,4146,568,10,1.76%
North Brookfield,08/05/2020,22,<5,Increase,726,150,4,2.67%
North Reading,08/05/2020,199,<5,Decrease,2897,502,4,0.80%
Northampton,08/05/2020,304,20,Increase,7604,1413,25,1.77%
Northborough,08/05/2020,228,<5,Decrease,3134,542,2,0.37%
Northbridge,08/05/2020,320,<5,Increase,3647,443,5,1.13%
Northfield,08/05/2020,<5,0,No Change,432,78,0,0%
Norton,08/05/2020,145,<5,Decrease,3006,343,3,0.87%
Norwell,08/05/2020,127,<5,Increase,1890,220,2,0.91%
Norwood,08/05/2020,596,9,Increase,7176,777,13,1.67%
Oak Bluffs,08/05/2020,7,0,Decrease,1290,221,0,0%
Oakham,08/05/2020,10,<5,Decrease,316,69,1,1.45%
Orange,08/05/2020,44,<5,No Change,1646,252,2,0.79%
Orleans,08/05/2020,18,<5,Decrease,928,127,1,0.79%
Otis,08/05/2020,<5,0,No Change,195,42,0,0%
Oxford,08/05/2020,84,<5,Decrease,2240,318,2,0.63%
Palmer,08/05/2020,58,<5,Decrease,1948,318,4,1.26%
Paxton,08/05/2020,34,<5,No Change,776,115,2,1.74%
Peabody,08/05/2020,1070,39,Increase,13473,2060,51,2.48%
Pelham,08/05/2020,<5,0,No Change,183,28,0,0%
Pembroke,08/05/2020,101,5,Increase,2839,320,6,1.88%
Pepperell,08/05/2020,58,<5,No Change,1598,266,5,1.88%
Peru,08/05/2020,<5,0,No Change,95,17,0,0%
Petersham,08/05/2020,8,0,No Change,214,26,0,0%
Phillipston,08/05/2020,16,0,No Change,277,33,0,0%
Pittsfield,08/05/2020,205,13,Increase,9209,1361,18,1.32%
Plainfield,08/05/2020,<5,0,No Change,101,26,0,0%
Plainville,08/05/2020,75,5,Decrease,1492,203,6,2.96%
Plymouth,08/05/2020,610,10,No Change,12879,1494,12,0.80%
Plympton,08/05/2020,11,0,No Change,454,58,0,0%
Princeton,08/05/2020,8,0,Decrease,625,108,0,0%
Provincetown,08/05/2020,27,<5,No Change,1145,192,1,0.52%
Quincy,08/05/2020,1289,75,Decrease,20317,2617,85,3.25%
Randolph,08/05/2020,998,25,Increase,9215,1015,33,3.25%
Raynham,08/05/2020,245,5,Increase,2939,347,6,1.73%
Reading,08/05/2020,307,<5,Increase,5246,701,5,0.71%
Rehoboth,08/05/2020,72,<5,Decrease,1547,182,4,2.20%
Revere,08/05/2020,2021,126,Increase,16950,2562,155,6.05%
Richmond,08/05/2020,5,0,No Change,218,44,0,0%
Rochester,08/05/2020,39,0,Decrease,858,78,0,0%
Rockland,08/05/2020,293,5,Decrease,3517,359,5,1.39%
Rockport,08/05/2020,83,<5,No Change,1265,197,1,0.51%
Rowe,08/05/2020,0,0,No Change,55,9,0,0%
Rowley,08/05/2020,66,<5,No Change,1312,197,3,1.52%
Royalston,08/05/2020,<5,0,No Change,195,31,0,0%
Russell,08/05/2020,18,<5,No Change,246,42,4,9.52%
Rutland,08/05/2020,54,0,No Change,1469,259,0,0%
Salem,08/05/2020,685,35,Increase,10637,1573,38,2.42%
Salisbury,08/05/2020,60,<5,Increase,1566,196,1,0.51%
Sandisfield,08/05/2020,6,<5,No Change,324,61,1,1.64%
Sandwich,08/05/2020,101,<5,Decrease,3211,480,1,0.21%
Saugus,08/05/2020,603,33,Increase,7044,983,43,4.37%
Savoy,08/05/2020,<5,0,No Change,87,13,0,0%
Scituate,08/05/2020,200,<5,Increase,3206,355,4,1.13%
Seekonk,08/05/2020,94,<5,Decrease,1891,196,5,2.55%
Sharon,08/05/2020,172,9,Decrease,3385,552,9,1.63%
Sheffield,08/05/2020,16,<5,No Change,511,96,1,1.04%
Shelburne,08/05/2020,8,0,No Change,635,117,0,0%
Sherborn,08/05/2020,18,<5,Decrease,721,152,1,0.66%
Shirley,08/05/2020,177,<5,No Change,3189,174,1,0.57%
Shrewsbury,08/05/2020,357,13,Decrease,7249,1218,15,1.23%
Shutesbury,08/05/2020,<5,0,No Change,272,71,0,0%
Somerset,08/05/2020,217,<5,Decrease,4287,446,5,1.12%
Somerville,08/05/2020,1037,37,Increase,25202,3877,44,1.13%
South Hadley,08/05/2020,176,7,No Change,2727,491,10,2.04%
Southampton,08/05/2020,33,<5,Decrease,891,169,1,0.59%
Southborough,08/05/2020,43,<5,No Change,1689,288,1,0.35%
Southbridge,08/05/2020,188,9,Decrease,3241,705,10,1.42%
Southwick,08/05/2020,57,<5,No Change,1511,242,1,0.41%
Spencer,08/05/2020,66,6,Decrease,2113,374,8,2.14%
Springfield,08/05/2020,3076,92,Decrease,32264,4304,118,2.74%
Sterling,08/05/2020,124,0,Decrease,1866,391,0,0%
Stockbridge,08/05/2020,15,0,No Change,430,59,0,0%
Stoneham,08/05/2020,411,10,Decrease,5578,704,14,1.99%
Stoughton,08/05/2020,619,8,Decrease,6447,752,8,1.06%
Stow,08/05/2020,28,<5,Increase,1181,224,2,0.89%
Sturbridge,08/05/2020,48,<5,Increase,1359,269,4,1.49%
Sudbury,08/05/2020,208,5,Increase,3592,620,7,1.13%
Sunderland,08/05/2020,10,<5,Increase,529,96,1,1.04%
Sutton,08/05/2020,55,<5,Increase,1436,223,3,1.35%
Swampscott,08/05/2020,145,7,No Change,3422,448,9,2.01%
Swansea,08/05/2020,147,<5,Decrease,3075,379,4,1.06%
Taunton,08/05/2020,1051,49,Increase,13338,1964,55,2.80%
Templeton,08/05/2020,124,0,No Change,1870,259,0,0%
Tewksbury,08/05/2020,608,9,Increase,8986,1526,10,0.66%
Tisbury,08/05/2020,11,<5,No Change,2542,478,1,0.21%
Tolland,08/05/2020,<5,0,No Change,30,5,0,0%
Topsfield,08/05/2020,120,<5,Increase,1674,371,4,1.08%
Townsend,08/05/2020,36,<5,Increase,1462,192,1,0.52%
Truro,08/05/2020,11,<5,Increase,380,49,1,2.04%
Tyngsborough,08/05/2020,103,<5,Increase,2307,334,4,1.20%
Tyringham,08/05/2020,<5,0,No Change,47,10,0,0%
Upton,08/05/2020,26,<5,Increase,1039,189,1,0.53%
Uxbridge,08/05/2020,81,<5,Increase,2308,408,3,0.74%
Wakefield,08/05/2020,336,9,No Change,6550,938,9,0.96%
Wales,08/05/2020,5,<5,No Change,225,50,1,2.00%
Walpole,08/05/2020,246,<5,Decrease,5155,626,2,0.32%
Waltham,08/05/2020,1265,11,Increase,13533,1912,17,0.89%
Ware,08/05/2020,37,<5,Decrease,1626,307,3,0.98%
Wareham,08/05/2020,224,<5,Increase,4201,376,4,1.06%
Warren,08/05/2020,26,<5,No Change,681,130,1,0.77%
Warwick,08/05/2020,0,0,No Change,115,24,0,0%
Washington,08/05/2020,<5,0,No Change,61,9,0,0%
Watertown,08/05/2020,400,5,No Change,7083,1062,10,0.94%
Wayland,08/05/2020,113,<5,Decrease,2684,376,4,1.06%
Webster,08/05/2020,272,<5,Decrease,4566,731,6,0.82%
Wellesley,08/05/2020,256,6,Decrease,5047,931,7,0.75%
Wellfleet,08/05/2020,5,0,No Change,513,86,0,0%
Wendell,08/05/2020,0,0,No Change,152,38,0,0%
Wenham,08/05/2020,22,<5,Increase,647,117,2,1.71%
West Boylston,08/05/2020,60,<5,Decrease,1557,220,5,2.27%
West Bridgewater,08/05/2020,145,<5,Decrease,1816,261,1,0.38%
West Brookfield,08/05/2020,24,0,Decrease,1044,185,0,0%
West Newbury,08/05/2020,14,<5,Decrease,690,106,4,3.77%
West Springfield,08/05/2020,411,15,Increase,5475,688,16,2.33%
West Stockbridge,08/05/2020,5,0,No Change,226,41,0,0%
West Tisbury,08/05/2020,11,0,No Change,891,164,1,0.61%
Westborough,08/05/2020,350,5,Increase,3929,543,6,1.10%
Westfield,08/05/2020,493,20,Increase,7287,985,22,2.23%
Westford,08/05/2020,157,12,Increase,4289,735,12,1.63%
Westhampton,08/05/2020,5,0,No Change,181,26,0,0%
Westminster,08/05/2020,33,0,No Change,1419,223,0,0%
Weston,08/05/2020,118,<5,No Change,2695,417,3,0.72%
Westport,08/05/2020,106,5,Increase,2853,399,7,1.75%
Westwood,08/05/2020,141,5,Decrease,3046,425,5,1.18%
Weymouth,08/05/2020,768,22,Increase,11372,1356,26,1.92%
Whately,08/05/2020,7,<5,No Change,120,28,2,7.14%
Whitman,08/05/2020,198,<5,Decrease,2696,287,3,1.05%
Wilbraham,08/05/2020,234,<5,Decrease,2715,424,4,0.94%
Williamsburg,08/05/2020,13,<5,No Change,727,136,2,1.47%
Williamstown,08/05/2020,83,0,No Change,1526,233,0,0%
Wilmington,08/05/2020,343,<5,Decrease,4462,529,2,0.38%
Winchendon,08/05/2020,91,<5,No Change,2088,266,2,0.75%
Winchester,08/05/2020,122,0,Decrease,5066,974,1,0.10%
Windsor,08/05/2020,0,0,No Change,120,24,0,0%
Winthrop,08/05/2020,320,14,No Change,4906,649,25,3.85%
Woburn,08/05/2020,676,18,Increase,9006,1197,21,1.75%
Worcester,08/05/2020,5579,151,Decrease,57103,7585,186,2.45%
Worthington,08/05/2020,0,0,No Change,182,36,0,0%
Wrentham,08/05/2020,220,15,Increase,2972,383,16,4.18%
Yarmouth,08/05/2020,123,<5,Decrease,4671,664,5,0.75%
Unknown,08/05/2020,267,18,Decrease,55023,5726,20,0.35%
State,08/05/2020,111371,2788,Decrease,1636875,224483,4079,1.82%
Abington,07/29/2020,243,<5,Decrease,3053,286,5,1.75%
Acton,07/29/2020,172,<5,Decrease,3761,551,5,0.91%
Acushnet,07/29/2020,102,<5,Decrease,1604,166,6,3.61%
Adams,07/29/2020,35,0,No change,1019,180,0,0.00%
Agawam,07/29/2020,493,13,Decrease,6263,851,20,2.35%
Alford,07/29/2020,<5,0,No change,32,2,0,0.00%
Amesbury,07/29/2020,191,<5,Decrease,3124,474,4,0.84%
Amherst,07/29/2020,107,<5,Decrease,3832,669,3,0.45%
Andover,07/29/2020,325,7,Increase,6813,1160,8,0.69%
Aquinnah,07/29/2020,<5,0,No change,100,20,0,0.00%
Arlington,07/29/2020,321,5,Decrease,7759,1166,8,0.69%
Ashburnham,07/29/2020,33,0,No change,975,135,0,0.00%
Ashby,07/29/2020,15,0,No change,422,50,0,0.00%
Ashfield,07/29/2020,<5,0,Decrease,207,35,1,2.86%
Ashland,07/29/2020,256,5,Increase,3222,432,16,3.70%
Athol,07/29/2020,68,<5,No change,2495,360,1,0.28%
Attleboro,07/29/2020,686,9,Decrease,7430,635,12,1.89%
Auburn,07/29/2020,223,<5,Increase,3100,330,3,0.91%
Avon,07/29/2020,80,<5,No change,905,100,3,3.00%
Ayer,07/29/2020,144,<5,Decrease,3611,278,7,2.52%
Barnstable,07/29/2020,391,17,Increase,7687,920,17,1.85%
Barre,07/29/2020,62,0,No change,906,111,0,0.00%
Becket,07/29/2020,16,0,Decrease,242,43,0,0.00%
Bedford,07/29/2020,247,<5,Decrease,6559,545,7,1.28%
Belchertown,07/29/2020,121,15,Increase,2191,421,15,3.56%
Bellingham,07/29/2020,142,<5,Decrease,2449,266,2,0.75%
Belmont,07/29/2020,236,<5,No change,4351,638,6,0.94%
Berkley,07/29/2020,73,<5,No change,1101,87,1,1.15%
Berlin,07/29/2020,21,<5,No change,523,66,1,1.52%
Bernardston,07/29/2020,7,0,No change,316,55,0,0.00%
Beverly,07/29/2020,637,14,Increase,8170,1077,16,1.49%
Billerica,07/29/2020,583,8,Decrease,7847,1041,10,0.96%
Blackstone,07/29/2020,56,0,Decrease,1301,123,0,0.00%
Blandford,07/29/2020,<5,0,No change,119,19,0,0.00%
Bolton,07/29/2020,11,0,No change,755,126,0,0.00%
Boston,07/29/2020,14667,296,Decrease,165596,20272,389,1.92%
Bourne,07/29/2020,164,<5,Decrease,3740,547,6,1.10%
Boxborough,07/29/2020,26,0,No change,740,118,0,0.00%
Boxford,07/29/2020,47,<5,Increase,1227,201,4,1.99%
Boylston,07/29/2020,23,<5,No change,712,100,1,1.00%
Braintree,07/29/2020,831,13,Decrease,8293,872,15,1.72%
Brewster,07/29/2020,113,7,Increase,1843,285,8,2.81%
Bridgewater,07/29/2020,360,<5,No change,6163,414,4,0.97%
Brimfield,07/29/2020,9,<5,No change,458,83,2,2.41%
Brockton,07/29/2020,4364,59,Decrease,27728,1898,79,4.16%
Brookfield,07/29/2020,22,<5,Increase,506,105,2,1.90%
Brookline,07/29/2020,419,15,Increase,9977,1636,16,0.98%
Buckland,07/29/2020,8,0,No change,46,1,0,0.00%
Burlington,07/29/2020,272,<5,Decrease,4531,642,4,0.62%
Cambridge,07/29/2020,1013,25,No change,31861,4522,34,0.75%
Canton,07/29/2020,302,6,Decrease,5307,688,10,1.45%
Carlisle,07/29/2020,19,0,Decrease,715,118,0,0.00%
Carver,07/29/2020,63,<5,No change,1852,237,4,1.69%
Charlemont,07/29/2020,<5,0,No change,179,23,2,8.70%
Charlton,07/29/2020,92,7,No change,2515,444,7,1.58%
Chatham,07/29/2020,22,<5,Decrease,1070,139,2,1.44%
Chelmsford,07/29/2020,351,7,Decrease,7615,871,7,0.80%
Chelsea,07/29/2020,3036,56,Decrease,15821,1993,75,3.76%
Cheshire,07/29/2020,<5,0,No change,423,89,0,0.00%
Chester,07/29/2020,<5,0,No change,152,24,0,0.00%
Chesterfield,07/29/2020,<5,0,No change,127,33,0,0.00%
Chicopee,07/29/2020,509,39,Decrease,9349,1416,47,3.32%
Chilmark,07/29/2020,<5,0,No change,663,111,0,0.00%
Clarksburg,07/29/2020,8,0,Decrease,182,40,0,0.00%
Clinton,07/29/2020,261,<5,Decrease,2932,347,4,1.15%
Cohasset,07/29/2020,28,<5,Increase,993,130,1,0.77%
Colrain,07/29/2020,<5,0,No change,201,42,0,0.00%
Concord,07/29/2020,182,6,Increase,4767,532,8,1.50%
Conway,07/29/2020,<5,0,No change,266,40,0,0.00%
Cummington,07/29/2020,<5,0,No change,138,19,0,0.00%
Dalton,07/29/2020,16,0,No change,989,162,0,0.00%
Danvers,07/29/2020,747,5,Decrease,8195,743,6,0.81%
Dartmouth,07/29/2020,401,9,Decrease,6610,656,12,1.83%
Dedham,07/29/2020,418,<5,Decrease,5860,681,8,1.17%
Deerfield,07/29/2020,12,<5,No change,804,164,1,0.61%
Dennis,07/29/2020,97,<5,Increase,2351,282,4,1.42%
Dighton,07/29/2020,68,<5,No change,1124,101,1,0.99%
Douglas,07/29/2020,49,0,No change,1122,146,0,0.00%
Dover,07/29/2020,22,<5,Decrease,736,127,2,1.57%
Dracut,07/29/2020,485,<5,Decrease,7553,909,7,0.77%
Dudley,07/29/2020,97,<5,Decrease,1749,271,1,0.37%
Dunstable,07/29/2020,10,0,No change,397,48,0,0.00%
Duxbury,07/29/2020,118,0,Decrease,2954,312,0,0.00%
East Bridgewater,07/29/2020,186,5,Increase,2403,227,5,2.20%
East Brookfield,07/29/2020,13,0,No change,305,44,0,0.00%
East Longmeadow,07/29/2020,278,<5,Increase,3075,396,4,1.01%
Eastham,07/29/2020,14,<5,No change,708,110,3,2.73%
Easthampton,07/29/2020,96,8,Increase,2803,509,9,1.77%
Easton,07/29/2020,290,8,Decrease,4060,412,12,2.91%
Edgartown,07/29/2020,9,0,No change,1741,308,0,0.00%
Egremont,07/29/2020,7,<5,Increase,139,33,2,6.06%
Erving,07/29/2020,6,0,No change,250,41,0,0.00%
Essex,07/29/2020,24,0,No change,536,75,0,0.00%
Everett,07/29/2020,1843,42,Decrease,13536,1384,54,3.90%
Fairhaven,07/29/2020,246,<5,Decrease,3913,321,3,0.93%
Fall River,07/29/2020,1756,67,Decrease,21987,2367,97,4.10%
Falmouth,07/29/2020,229,22,Increase,7187,1014,24,2.37%
Fitchburg,07/29/2020,814,6,Decrease,9775,828,11,1.33%
Florida,07/29/2020,<5,0,No change,70,19,0,0.00%
Foxborough,07/29/2020,128,6,Decrease,3805,584,6,1.03%
Framingham,07/29/2020,1802,36,Increase,14735,1520,47,3.09%
Franklin,07/29/2020,144,5,Decrease,4337,585,5,0.85%
Freetown,07/29/2020,108,<5,Decrease,1353,127,5,3.94%
Gardner,07/29/2020,199,<5,No change,6528,689,4,0.58%
Georgetown,07/29/2020,62,0,Decrease,1321,195,1,0.51%
Gill,07/29/2020,<5,0,No change,172,36,0,0.00%
Gloucester,07/29/2020,270,10,Increase,4900,740,11,1.49%
Goshen,07/29/2020,5,0,Decrease,59,12,0,0.00%
Gosnold,07/29/2020,5,5,No change,103,103,5,4.85%
Grafton,07/29/2020,99,<5,No change,2673,420,1,0.24%
Granby,07/29/2020,32,0,No change,765,115,0,0.00%
Granville,07/29/2020,12,0,No change,233,27,0,0.00%
Great Barrington,07/29/2020,73,0,No change,1984,347,0,0.00%
Greenfield,07/29/2020,210,<5,Increase,3682,509,2,0.39%
Groton,07/29/2020,44,<5,Increase,1726,247,1,0.40%
Groveland,07/29/2020,41,0,Decrease,1027,147,1,0.68%
Hadley,07/29/2020,45,<5,No change,1641,248,1,0.40%
Halifax,07/29/2020,59,<5,Decrease,1215,125,1,0.80%
Hamilton,07/29/2020,38,<5,Increase,1147,190,4,2.11%
Hampden,07/29/2020,99,<5,No change,912,101,1,0.99%
Hancock,07/29/2020,<5,0,No change,34,8,0,0.00%
Hanover,07/29/2020,74,0,No change,2036,214,0,0.00%
Hanson,07/29/2020,110,<5,No change,1755,174,1,0.57%
Hardwick,07/29/2020,10,<5,Increase,316,43,1,2.33%
Harvard,07/29/2020,18,0,No change,815,136,0,0.00%
Harwich,07/29/2020,136,5,Decrease,2522,378,8,2.12%
Hatfield,07/29/2020,18,0,Decrease,513,85,0,0.00%
Haverhill,07/29/2020,1275,19,Increase,14504,1637,23,1.41%
Hawley,07/29/2020,0,0,No change,23,5,0,0.00%
Heath,07/29/2020,0,0,No change,48,9,0,0.00%
Hingham,07/29/2020,288,6,Increase,4193,385,8,2.08%
Hinsdale,07/29/2020,5,<5,Increase,347,67,1,1.49%
Holbrook,07/29/2020,203,<5,Decrease,2227,226,4,1.77%
Holden,07/29/2020,127,<5,Decrease,3578,540,6,1.11%
Holland,07/29/2020,9,<5,Increase,283,68,2,2.94%
Holliston,07/29/2020,57,0,Decrease,2074,253,0,0.00%
Holyoke,07/29/2020,980,30,Decrease,11044,1622,38,2.34%
Hopedale,07/29/2020,47,<5,Decrease,1255,223,2,0.90%
Hopkinton,07/29/2020,133,<5,No change,2793,366,1,0.27%
Hubbardston,07/29/2020,7,0,No change,655,92,0,0.00%
Hudson,07/29/2020,196,0,Decrease,3304,472,0,0.00%
Hull,07/29/2020,53,<5,Decrease,1535,181,1,0.55%
Huntington,07/29/2020,14,0,No change,353,64,0,0.00%
Ipswich,07/29/2020,73,<5,Increase,2556,406,3,0.74%
Kingston,07/29/2020,138,0,No change,2641,269,2,0.74%
Lakeville,07/29/2020,63,0,Decrease,1543,175,0,0.00%
Lancaster,07/29/2020,103,<5,No change,1386,197,2,1.02%
Lanesborough,07/29/2020,8,0,No change,387,71,0,0.00%
Lawrence,07/29/2020,3760,79,Decrease,26295,3249,104,3.20%
Lee,07/29/2020,22,<5,No change,958,185,3,1.62%
Leicester,07/29/2020,158,<5,Decrease,1990,215,4,1.86%
Lenox,07/29/2020,16,<5,Increase,1292,198,2,1.01%
Leominster,07/29/2020,718,11,No change,9950,906,14,1.55%
Leverett,07/29/2020,<5,0,No change,287,51,0,0.00%
Lexington,07/29/2020,335,<5,Increase,5140,730,5,0.68%
Leyden,07/29/2020,0,0,No change,19,2,0,0.00%
Lincoln,07/29/2020,41,0,No change,1365,167,0,0.00%
Littleton,07/29/2020,102,0,Decrease,1684,245,0,0.00%
Longmeadow,07/29/2020,235,10,Increase,2887,450,10,2.22%
Lowell,07/29/2020,3022,52,Decrease,31622,3615,71,1.96%
Ludlow,07/29/2020,132,<5,Decrease,3436,496,2,0.40%
Lunenburg,07/29/2020,67,<5,Decrease,1754,213,1,0.47%
Lynn,07/29/2020,3858,129,Increase,28390,3985,175,4.39%
Lynnfield,07/29/2020,100,<5,Increase,2216,318,3,0.94%
Malden,07/29/2020,1302,31,Increase,13864,1623,39,2.40%
Manchester,07/29/2020,21,<5,No change,720,148,1,0.68%
Mansfield,07/29/2020,173,7,Increase,3418,413,9,2.18%
Marblehead,07/29/2020,247,6,No change,4320,686,8,1.17%
Marion,07/29/2020,14,0,No change,1154,197,0,0.00%
Marlborough,07/29/2020,1029,27,Increase,9872,1443,37,2.56%
Marshfield,07/29/2020,175,<5,Decrease,4092,484,7,1.45%
Mashpee,07/29/2020,74,7,Increase,3044,407,8,1.97%
Mattapoisett,07/29/2020,41,<5,Decrease,949,127,2,1.57%
Maynard,07/29/2020,73,<5,Increase,1864,213,2,0.94%
Medfield,07/29/2020,39,0,Decrease,1731,272,0,0.00%
Medford,07/29/2020,1070,14,Decrease,13749,1742,20,1.15%
Medway,07/29/2020,122,<5,No change,1950,223,2,0.90%
Melrose,07/29/2020,281,23,No change,6649,1941,30,1.55%
Mendon,07/29/2020,32,0,Decrease,791,113,2,1.77%
Merrimac,07/29/2020,35,0,No change,1002,130,1,0.77%
Methuen,07/29/2020,1077,24,Increase,11540,1315,31,2.36%
Middleborough,07/29/2020,274,<5,Decrease,4561,513,3,0.58%
Middlefield,07/29/2020,0,0,No change,21,0,0,0.00%
Middleton,07/29/2020,174,5,Increase,1819,216,5,2.31%
Milford,07/29/2020,668,9,Decrease,6733,652,10,1.53%
Millbury,07/29/2020,216,<5,Decrease,2492,281,2,0.71%
Millis,07/29/2020,50,0,No change,1227,169,0,0.00%
Millville,07/29/2020,23,<5,No change,433,55,1,1.82%
Milton,07/29/2020,318,8,Decrease,4915,730,12,1.64%
Monroe,07/29/2020,0,0,No change,11,0,0,0.00%
Monson,07/29/2020,44,0,Decrease,1080,200,0,0.00%
Montague,07/29/2020,29,0,No change,1399,237,0,0.00%
Monterey,07/29/2020,<5,0,No change,117,28,0,0.00%
Montgomery,07/29/2020,<5,0,No change,32,8,0,0.00%
Mount Washington,07/29/2020,0,0,No change,4,1,0,0.00%
Nahant,07/29/2020,44,<5,Increase,708,138,4,2.90%
Nantucket,07/29/2020,30,8,Increase,2367,508,8,1.57%
Natick,07/29/2020,438,10,Decrease,5934,791,13,1.64%
Needham,07/29/2020,352,15,Decrease,5628,821,21,2.56%
New Ashford,07/29/2020,0,0,No change,17,5,0,0.00%
New Bedford,07/29/2020,2223,37,Decrease,22697,2184,49,2.24%
New Braintree,07/29/2020,<5,<5,Decrease,107,18,1,5.56%
New Marlborough,07/29/2020,7,0,No change,125,21,0,0.00%
New Salem,07/29/2020,<5,<5,Increase,143,29,1,3.45%
Newbury,07/29/2020,14,0,No change,1100,188,0,0.00%
Newburyport,07/29/2020,117,9,Decrease,4169,753,12,1.59%
Newton,07/29/2020,801,20,Increase,17857,2641,26,0.98%
Norfolk,07/29/2020,36,8,Increase,2727,249,8,3.21%
North Adams,07/29/2020,50,<5,No change,1649,326,3,0.92%
North Andover,07/29/2020,362,<5,Decrease,6692,847,6,0.71%
North Attleborough,07/29/2020,268,<5,Decrease,3744,386,3,0.78%
North Brookfield,07/29/2020,20,<5,Increase,617,108,2,1.85%
North Reading,07/29/2020,198,<5,Decrease,2569,365,6,1.64%
Northampton,07/29/2020,289,7,Increase,6739,1175,11,0.94%
Northborough,07/29/2020,227,<5,No change,2742,328,3,0.91%
Northbridge,07/29/2020,317,<5,No change,3272,269,3,1.12%
Northfield,07/29/2020,<5,0,No change,381,81,0,0.00%
Norton,07/29/2020,143,<5,Decrease,2747,256,5,1.95%
Norwell,07/29/2020,125,<5,Decrease,1764,201,1,0.50%
Norwood,07/29/2020,590,5,Decrease,6652,642,8,1.25%
Oak Bluffs,07/29/2020,7,<5,No change,1145,194,1,0.52%
Oakham,07/29/2020,9,<5,No change,277,62,2,3.23%
Orange,07/29/2020,44,<5,Decrease,1492,202,1,0.50%
Orleans,07/29/2020,18,<5,Increase,850,111,2,1.80%
Otis,07/29/2020,<5,0,No change,167,35,0,0.00%
Oxford,07/29/2020,84,<5,Increase,2038,282,4,1.42%
Palmer,07/29/2020,56,<5,No change,1751,288,4,1.39%
Paxton,07/29/2020,34,<5,Increase,700,98,1,1.02%
Peabody,07/29/2020,1038,22,No change,12202,1791,32,1.79%
Pelham,07/29/2020,<5,0,No change,162,24,0,0.00%
Pembroke,07/29/2020,98,<5,Increase,2692,333,5,1.50%
Pepperell,07/29/2020,55,<5,No change,1415,207,2,0.97%
Peru,07/29/2020,<5,0,No change,88,17,0,0.00%
Petersham,07/29/2020,7,0,No change,194,13,0,0.00%
Phillipston,07/29/2020,16,0,No change,257,28,0,0.00%
Pittsfield,07/29/2020,199,10,Increase,8410,1534,14,0.91%
Plainfield,07/29/2020,<5,0,No change,86,18,0,0.00%
Plainville,07/29/2020,75,8,Increase,1362,179,9,5.03%
Plymouth,07/29/2020,608,10,Increase,12041,1433,14,0.98%
Plympton,07/29/2020,11,0,No change,424,50,0,0.00%
Princeton,07/29/2020,8,<5,No change,546,92,2,2.17%
Provincetown,07/29/2020,27,<5,No change,1095,192,1,0.52%
Quincy,07/29/2020,1231,51,Decrease,18693,2256,62,2.75%
Randolph,07/29/2020,979,12,Decrease,8534,863,20,2.32%
Raynham,07/29/2020,242,<5,Increase,2709,237,5,2.11%
Reading,07/29/2020,304,<5,Decrease,4783,661,5,0.76%
Rehoboth,07/29/2020,67,<5,No change,1401,161,5,3.11%
Revere,07/29/2020,1927,82,Increase,15066,1647,103,6.25%
Richmond,07/29/2020,5,0,No change,198,50,0,0.00%
Rochester,07/29/2020,39,<5,Decrease,808,91,2,2.20%
Rockland,07/29/2020,290,<5,No change,3322,319,4,1.25%
Rockport,07/29/2020,83,<5,Decrease,1142,140,1,0.71%
Rowe,07/29/2020,0,0,No change,49,12,0,0.00%
Rowley,07/29/2020,65,<5,No change,1165,135,4,2.96%
Royalston,07/29/2020,<5,0,No change,176,28,0,0.00%
Russell,07/29/2020,16,0,Decrease,216,32,2,6.25%
Rutland,07/29/2020,54,0,Decrease,1288,189,0,0.00%
Salem,07/29/2020,663,21,Increase,9627,1318,26,1.97%
Salisbury,07/29/2020,59,0,Decrease,1450,207,0,0.00%
Sandisfield,07/29/2020,5,0,Decrease,296,96,0,0.00%
Sandwich,07/29/2020,100,<5,Decrease,2871,374,4,1.07%
Saugus,07/29/2020,579,16,Increase,6425,792,23,2.90%
Savoy,07/29/2020,<5,0,No change,78,17,0,0.00%
Scituate,07/29/2020,198,<5,Decrease,3032,333,3,0.90%
Seekonk,07/29/2020,93,<5,No change,1734,172,4,2.33%
Sharon,07/29/2020,168,7,Increase,3001,372,8,2.15%
Sheffield,07/29/2020,16,<5,Increase,456,102,1,0.98%
Shelburne,07/29/2020,8,0,No change,565,101,0,0.00%
Sherborn,07/29/2020,18,<5,Increase,611,104,3,2.88%
Shirley,07/29/2020,177,<5,Increase,3061,131,1,0.76%
Shrewsbury,07/29/2020,346,14,Decrease,6414,909,14,1.54%
Shutesbury,07/29/2020,<5,0,No change,220,51,0,0.00%
Somerset,07/29/2020,218,8,Decrease,3935,292,11,3.77%
Somerville,07/29/2020,1012,24,Decrease,22708,3225,28,0.87%
South Hadley,07/29/2020,173,6,Increase,2425,393,7,1.78%
Southampton,07/29/2020,32,<5,No change,788,153,1,0.65%
Southborough,07/29/2020,44,0,No change,1487,224,0,0.00%
Southbridge,07/29/2020,185,13,Increase,2836,655,14,2.14%
Southwick,07/29/2020,56,0,Decrease,1365,191,0,0.00%
Spencer,07/29/2020,61,7,Decrease,1865,316,9,2.85%
Springfield,07/29/2020,3033,95,Increase,29816,4126,118,2.86%
Sterling,07/29/2020,124,<5,No change,1549,205,3,1.46%
Stockbridge,07/29/2020,15,0,Decrease,392,53,0,0.00%
Stoneham,07/29/2020,404,9,Decrease,5109,657,12,1.83%
Stoughton,07/29/2020,612,8,Decrease,5933,559,9,1.61%
Stow,07/29/2020,27,0,No change,1046,183,1,0.55%
Sturbridge,07/29/2020,45,<5,Increase,1206,259,2,0.77%
Sudbury,07/29/2020,203,<5,Decrease,3174,441,5,1.13%
Sunderland,07/29/2020,9,0,No change,465,74,0,0.00%
Sutton,07/29/2020,52,<5,Decrease,1291,171,1,0.58%
Swampscott,07/29/2020,143,6,Increase,3155,436,7,1.61%
Swansea,07/29/2020,145,8,Increase,2799,251,8,3.19%
Taunton,07/29/2020,1008,14,Decrease,11781,1236,19,1.54%
Templeton,07/29/2020,124,0,No change,1705,266,0,0.00%
Tewksbury,07/29/2020,600,<5,Decrease,7742,674,4,0.59%
Tisbury,07/29/2020,11,<5,Decrease,2237,384,3,0.78%
Tolland,07/29/2020,<5,0,No change,27,3,0,0.00%
Topsfield,07/29/2020,116,0,No change,1463,279,0,0.00%
Townsend,07/29/2020,35,0,No change,1333,165,0,0.00%
Truro,07/29/2020,10,0,No change,346,40,0,0.00%
Tyngsborough,07/29/2020,98,<5,Decrease,2094,291,2,0.69%
Tyringham,07/29/2020,<5,0,No change,41,9,0,0.00%
Upton,07/29/2020,25,0,No change,892,134,0,0.00%
Uxbridge,07/29/2020,80,<5,No change,1983,287,1,0.35%
Wakefield,07/29/2020,326,5,Decrease,5895,721,6,0.83%
Wales,07/29/2020,5,<5,Increase,195,41,1,2.44%
Walpole,07/29/2020,243,<5,Decrease,4737,507,4,0.79%
Waltham,07/29/2020,1258,8,Decrease,12281,1491,18,1.21%
Ware,07/29/2020,36,<5,Decrease,1434,265,1,0.38%
Wareham,07/29/2020,221,<5,Decrease,3939,431,4,0.93%
Warren,07/29/2020,26,<5,No change,601,120,1,0.83%
Warwick,07/29/2020,0,0,No change,98,15,0,0.00%
Washington,07/29/2020,<5,0,No change,53,8,0,0.00%
Watertown,07/29/2020,398,<5,Increase,6416,856,9,1.05%
Wayland,07/29/2020,114,5,Increase,2434,309,5,1.62%
Webster,07/29/2020,270,<5,Decrease,4093,632,6,0.95%
Wellesley,07/29/2020,252,11,No change,4388,663,12,1.81%
Wellfleet,07/29/2020,5,0,No change,445,61,0,0.00%
Wendell,07/29/2020,0,0,No change,128,24,0,0.00%
Wenham,07/29/2020,20,0,Decrease,568,93,0,0.00%
West Boylston,07/29/2020,58,10,Decrease,1407,193,10,5.18%
West Bridgewater,07/29/2020,145,<5,Decrease,1618,131,3,2.29%
West Brookfield,07/29/2020,24,<5,Decrease,928,213,1,0.47%
West Newbury,07/29/2020,14,<5,Increase,624,85,5,5.88%
West Springfield,07/29/2020,404,10,Decrease,5076,633,12,1.90%
West Stockbridge,07/29/2020,5,0,No change,198,36,0,0.00%
West Tisbury,07/29/2020,11,0,Decrease,778,157,0,0.00%
Westborough,07/29/2020,345,<5,Decrease,3532,372,3,0.81%
Westfield,07/29/2020,483,16,Increase,6708,880,18,2.05%
Westford,07/29/2020,150,5,Increase,3796,536,7,1.31%
Westhampton,07/29/2020,5,0,No change,165,22,0,0.00%
Westminster,07/29/2020,33,0,Decrease,1291,202,1,0.50%
Weston,07/29/2020,115,<5,Increase,2436,394,3,0.76%
Westport,07/29/2020,103,<5,Increase,2552,288,3,1.04%
Westwood,07/29/2020,136,<5,Decrease,2756,391,4,1.02%
Weymouth,07/29/2020,751,10,Decrease,10651,1233,16,1.30%
Whately,07/29/2020,7,<5,Increase,106,23,2,8.70%
Whitman,07/29/2020,196,5,No change,2547,266,5,1.88%
Wilbraham,07/29/2020,230,5,Decrease,2451,344,5,1.45%
Williamsburg,07/29/2020,12,<5,Increase,646,134,1,0.75%
Williamstown,07/29/2020,83,0,No change,1426,224,0,0.00%
Wilmington,07/29/2020,341,<5,Decrease,4142,498,2,0.40%
Winchendon,07/29/2020,89,0,No change,1923,214,0,0.00%
Winchester,07/29/2020,122,<5,No change,4476,790,3,0.38%
Windsor,07/29/2020,0,0,No change,105,25,0,0.00%
Winthrop,07/29/2020,310,11,Decrease,4504,674,23,3.41%
Woburn,07/29/2020,662,11,No change,8243,1020,17,1.67%
Worcester,07/29/2020,5483,119,Increase,51873,6785,148,2.18%
Worthington,07/29/2020,0,0,No change,163,35,0,0.00%
Wrentham,07/29/2020,211,11,No change,2691,280,11,3.93%
Yarmouth,07/29/2020,122,6,Increase,4281,572,6,1.05%
Unknown,07/29/2020,288,36,*,51438,4490,37,*
State,07/29/2020,109096,2514,Decrease,1489896,187587,3265,1.74%
Abington,07/22/2020,239,<5,Decrease,2874,250,4,1.60%
Acton,07/22/2020,169,6,Decrease,3232,411,6,1.46%
Acushnet,07/22/2020,99,7,Increase,1484,132,8,6.06%
Adams,07/22/2020,35,0,No change,912,207,0,0.00%
Agawam,07/22/2020,483,10,Decrease,5676,780,16,2.05%
Alford,07/22/2020,<5,0,No change,32,4,0,0.00%
Amesbury,07/22/2020,189,7,No change,2811,399,7,1.75%
Amherst,07/22/2020,103,<5,Decrease,3467,585,2,0.34%
Andover,07/22/2020,321,<5,Increase,6139,994,3,0.30%
Aquinnah,07/22/2020,<5,0,No change,90,14,0,0.00%
Arlington,07/22/2020,318,7,Increase,7002,1131,9,0.80%
Ashburnham,07/22/2020,33,0,Decrease,897,150,0,0.00%
Ashby,07/22/2020,15,0,No change,394,57,0,0.00%
Ashfield,07/22/2020,<5,<5,Decrease,188,35,1,2.86%
Ashland,07/22/2020,252,<5,Decrease,2891,343,3,0.87%
Athol,07/22/2020,68,<5,Decrease,2278,357,1,0.28%
Attleboro,07/22/2020,679,10,No change,7003,764,13,1.70%
Auburn,07/22/2020,220,<5,Decrease,2885,383,2,0.52%
Avon,07/22/2020,77,<5,Decrease,839,81,1,1.23%
Ayer,07/22/2020,144,<5,Increase,3378,221,4,1.81%
Barnstable,07/22/2020,382,13,Increase,7086,964,14,1.45%
Barre,07/22/2020,62,0,No change,846,134,0,0.00%
Becket,07/22/2020,16,<5,No change,216,44,1,2.27%
Bedford,07/22/2020,256,6,Increase,6030,333,9,2.70%
Belchertown,07/22/2020,113,9,Increase,1964,369,9,2.44%
Bellingham,07/22/2020,142,5,Decrease,2260,287,7,2.44%
Belmont,07/22/2020,234,<5,No change,3935,602,3,0.50%
Berkley,07/22/2020,71,0,No change,1026,64,1,1.56%
Berlin,07/22/2020,21,<5,Increase,464,50,1,2.00%
Bernardston,07/22/2020,7,0,No change,283,57,0,0.00%
Beverly,07/22/2020,630,10,Increase,7478,908,13,1.43%
Billerica,07/22/2020,580,11,Decrease,7160,879,14,1.59%
Blackstone,07/22/2020,56,<5,Decrease,1211,126,1,0.79%
Blandford,07/22/2020,<5,0,No change,110,29,0,0.00%
Bolton,07/22/2020,11,0,No change,653,114,0,0.00%
Boston,07/22/2020,14464,282,Decrease,152213,18955,384,2.03%
Bourne,07/22/2020,161,<5,Increase,3378,543,5,0.92%
Boxborough,07/22/2020,26,0,Decrease,631,80,0,0.00%
Boxford,07/22/2020,46,<5,Increase,1097,199,3,1.51%
Boylston,07/22/2020,22,<5,Decrease,658,119,2,1.68%
Braintree,07/22/2020,823,9,Increase,7741,891,13,1.46%
Brewster,07/22/2020,111,<5,Increase,1635,216,4,1.85%
Bridgewater,07/22/2020,358,<5,Increase,5839,389,3,0.77%
Brimfield,07/22/2020,7,<5,No change,409,88,1,1.14%
Brockton,07/22/2020,4317,41,Decrease,26345,1794,71,3.96%
Brookfield,07/22/2020,20,<5,No change,448,100,1,1.00%
Brookline,07/22/2020,405,3,Decrease,8916,1446,7,0.48%
Buckland,07/22/2020,8,0,No change,44,3,0,0.00%
Burlington,07/22/2020,270,<5,Increase,4142,576,4,0.69%
Cambridge,07/22/2020,1000,26,Increase,29260,4111,35,0.85%
Canton,07/22/2020,297,6,No change,4808,563,9,1.60%
Carlisle,07/22/2020,19,<5,Decrease,618,101,1,0.99%
Carver,07/22/2020,62,<5,Increase,1713,223,3,1.35%
Charlemont,07/22/2020,<5,0,Decrease,170,35,1,2.86%
Charlton,07/22/2020,88,5,Decrease,2197,309,6,1.94%
Chatham,07/22/2020,21,<5,No change,996,146,2,1.37%
Chelmsford,07/22/2020,348,10,No change,7037,818,12,1.47%
Chelsea,07/22/2020,3002,50,Decrease,14815,2173,77,3.54%
Cheshire,07/22/2020,<5,0,No change,364,76,0,0.00%
Chester,07/22/2020,<5,0,No change,138,22,0,0.00%
Chesterfield,07/22/2020,<5,0,Decrease,111,26,0,0.00%
Chicopee,07/22/2020,488,36,Decrease,8417,1277,40,3.13%
Chilmark,07/22/2020,<5,0,No change,599,179,0,0.00%
Clarksburg,07/22/2020,8,<5,No change,152,41,2,4.88%
Clinton,07/22/2020,258,<5,Decrease,2713,319,3,0.94%
Cohasset,07/22/2020,27,0,No change,903,128,0,0.00%
Colrain,07/22/2020,<5,0,No change,182,47,0,0.00%
Concord,07/22/2020,177,<5,No change,4280,484,4,0.83%
Conway,07/22/2020,<5,0,No change,242,42,0,0.00%
Cummington,07/22/2020,<5,0,No change,129,25,0,0.00%
Dalton,07/22/2020,16,0,No change,893,152,0,0.00%
Danvers,07/22/2020,744,<5,No change,7741,903,6,0.66%
Dartmouth,07/22/2020,397,9,Increase,6232,638,13,2.04%
Dedham,07/22/2020,416,9,No change,5440,645,12,1.86%
Deerfield,07/22/2020,11,0,Decrease,709,136,0,0.00%
Dennis,07/22/2020,95,<5,Increase,2186,300,2,0.67%
Dighton,07/22/2020,68,<5,Increase,1045,77,1,1.30%
Douglas,07/22/2020,49,0,Decrease,1034,142,1,0.70%
Dover,07/22/2020,21,<5,Increase,660,132,3,2.27%
Dracut,07/22/2020,482,8,Decrease,6926,789,17,2.15%
Dudley,07/22/2020,96,<5,No change,1568,275,5,1.82%
Dunstable,07/22/2020,10,0,No change,364,40,0,0.00%
Duxbury,07/22/2020,117,<5,No change,2738,318,2,0.63%
East Bridgewater,07/22/2020,183,<5,Increase,2240,175,3,1.71%
East Brookfield,07/22/2020,13,0,No change,283,63,0,0.00%
East Longmeadow,07/22/2020,277,<5,Increase,2837,372,2,0.54%
Eastham,07/22/2020,12,<5,Increase,650,117,2,1.71%
Easthampton,07/22/2020,91,<5,No change,2546,510,4,0.78%
Easton,07/22/2020,281,<5,Decrease,3750,310,7,2.26%
Edgartown,07/22/2020,9,0,Decrease,1555,385,0,0.00%
Egremont,07/22/2020,5,0,No change,113,18,0,0.00%
Erving,07/22/2020,6,0,No change,229,34,0,0.00%
Essex,07/22/2020,24,0,No change,483,73,0,0.00%
Everett,07/22/2020,1823,43,Increase,12722,2340,52,2.22%
Fairhaven,07/22/2020,247,5,Increase,3727,592,5,0.84%
Fall River,07/22/2020,1703,71,Decrease,20078,2142,113,5.28%
Falmouth,07/22/2020,208,<5,Increase,6583,1093,4,0.37%
Fitchburg,07/22/2020,811,9,Decrease,9197,921,15,1.63%
Florida,07/22/2020,<5,0,No change,61,14,0,0.00%
Foxborough,07/22/2020,127,9,Increase,3435,594,9,1.52%
Framingham,07/22/2020,1775,24,Increase,13680,1308,36,2.75%
Franklin,07/22/2020,140,<5,Increase,3927,557,4,0.72%
Freetown,07/22/2020,106,<5,Decrease,1253,109,6,5.50%
Gardner,07/22/2020,197,<5,No change,6017,611,4,0.65%
Georgetown,07/22/2020,62,<5,Decrease,1180,175,2,1.14%
Gill,07/22/2020,<5,0,No change,150,29,0,0.00%
Gloucester,07/22/2020,264,5,Increase,4418,678,6,0.88%
Goshen,07/22/2020,5,<5,No change,54,11,1,9.09%
Gosnold,07/22/2020,5,5,Increase,23,23,5,21.74%
Grafton,07/22/2020,98,<5,Decrease,2389,377,1,0.27%
Granby,07/22/2020,32,0,Decrease,696,117,0,0.00%
Granville,07/22/2020,12,0,Decrease,215,34,0,0.00%
Great Barrington,07/22/2020,73,0,No change,1752,244,0,0.00%
Greenfield,07/22/2020,209,<5,Decrease,3397,492,1,0.20%
Groton,07/22/2020,43,0,No change,1486,146,0,0.00%
Groveland,07/22/2020,42,<5,Decrease,933,135,5,3.70%
Hadley,07/22/2020,45,<5,Increase,1532,315,1,0.32%
Halifax,07/22/2020,58,<5,Decrease,1139,120,1,0.83%
Hamilton,07/22/2020,37,<5,Increase,1023,163,3,1.84%
Hampden,07/22/2020,99,<5,Increase,848,88,1,1.14%
Hancock,07/22/2020,<5,0,No change,27,5,0,0.00%
Hanover,07/22/2020,74,0,No change,1902,217,0,0.00%
Hanson,07/22/2020,109,0,No change,1646,180,1,0.56%
Hardwick,07/22/2020,9,0,No change,289,39,0,0.00%
Harvard,07/22/2020,18,0,No change,689,99,1,1.01%
Harwich,07/22/2020,134,6,Increase,2357,382,9,2.36%
Hatfield,07/22/2020,18,<5,No change,467,94,1,1.06%
Haverhill,07/22/2020,1262,14,Increase,13482,1492,23,1.54%
Hawley,07/22/2020,0,0,No change,19,4,0,0.00%
Heath,07/22/2020,0,0,No change,44,10,0,0.00%
Hingham,07/22/2020,283,<5,No change,3960,403,3,0.74%
Hinsdale,07/22/2020,<5,0,No change,311,77,0,0.00%
Holbrook,07/22/2020,200,<5,Decrease,2088,205,9,4.39%
Holden,07/22/2020,125,<5,Increase,3204,466,7,1.50%
Holland,07/22/2020,8,0,No change,240,62,0,0.00%
Holliston,07/22/2020,57,<5,No change,1891,274,1,0.36%
Holyoke,07/22/2020,959,32,Decrease,9987,1533,40,2.61%
Hopedale,07/22/2020,45,<5,Increase,1130,201,3,1.49%
Hopkinton,07/22/2020,132,<5,Decrease,2545,324,1,0.31%
Hubbardston,07/22/2020,7,0,Decrease,599,100,0,0.00%
Hudson,07/22/2020,196,<5,Decrease,3000,418,5,1.20%
Hull,07/22/2020,53,<5,Increase,1417,177,3,1.69%
Huntington,07/22/2020,14,0,No change,315,63,0,0.00%
Ipswich,07/22/2020,70,0,No change,2271,348,1,0.29%
Kingston,07/22/2020,138,0,Decrease,2469,271,3,1.11%
Lakeville,07/22/2020,63,<5,Decrease,1393,108,1,0.93%
Lancaster,07/22/2020,103,<5,Increase,1284,193,3,1.55%
Lanesborough,07/22/2020,8,0,No change,351,82,0,0.00%
Lawrence,07/22/2020,3704,90,Decrease,24557,3453,128,3.71%
Lee,07/22/2020,21,<5,Increase,864,159,3,1.89%
Leicester,07/22/2020,154,<5,Decrease,1860,227,1,0.44%
Lenox,07/22/2020,14,<5,No change,1169,158,1,0.63%
Leominster,07/22/2020,708,9,Decrease,9369,1026,16,1.56%
Leverett,07/22/2020,<5,0,No change,251,41,0,0.00%
Lexington,07/22/2020,332,<5,Decrease,4591,623,3,0.48%
Leyden,07/22/2020,0,0,No change,16,2,0,0.00%
Lincoln,07/22/2020,41,0,No change,1215,139,0,0.00%
Littleton,07/22/2020,102,<5,Decrease,1441,176,2,1.14%
Longmeadow,07/22/2020,227,9,Increase,2599,417,9,2.16%
Lowell,07/22/2020,2992,51,Decrease,29270,3458,75,2.17%
Ludlow,07/22/2020,132,<5,Decrease,3141,521,5,0.96%
Lunenburg,07/22/2020,67,<5,Increase,1594,190,3,1.58%
Lynn,07/22/2020,3779,99,Increase,26110,3753,136,3.62%
Lynnfield,07/22/2020,98,0,Decrease,2005,287,0,0.00%
Malden,07/22/2020,1280,23,Decrease,12915,1604,34,2.12%
Manchester,07/22/2020,20,0,No change,624,128,0,0.00%
Mansfield,07/22/2020,168,<5,Decrease,3112,335,3,0.90%
Marblehead,07/22/2020,243,5,Decrease,3960,753,9,1.20%
Marion,07/22/2020,13,0,No change,988,226,0,0.00%
Marlborough,07/22/2020,1015,19,Increase,9039,1304,25,1.92%
Marshfield,07/22/2020,174,<5,No change,3748,484,7,1.45%
Mashpee,07/22/2020,68,<5,Decrease,2734,449,4,0.89%
Mattapoisett,07/22/2020,41,<5,Increase,861,115,5,4.35%
Maynard,07/22/2020,71,0,No change,1614,167,0,0.00%
Medfield,07/22/2020,39,<5,Decrease,1581,284,2,0.70%
Medford,07/22/2020,1059,19,Decrease,12635,1700,28,1.65%
Medway,07/22/2020,121,<5,Decrease,1789,222,1,0.45%
Melrose,07/22/2020,273,22,Increase,6070,1825,27,1.48%
Mendon,07/22/2020,32,<5,Decrease,708,107,2,1.87%
Merrimac,07/22/2020,35,0,No change,929,124,1,0.81%
Methuen,07/22/2020,1063,18,Decrease,10721,1346,25,1.86%
Middleborough,07/22/2020,272,<5,No change,4176,446,3,0.67%
Middlefield,07/22/2020,0,0,No change,21,2,0,0.00%
Middleton,07/22/2020,172,<5,Increase,1680,189,4,2.12%
Milford,07/22/2020,657,8,Decrease,6238,832,13,1.56%
Millbury,07/22/2020,216,<5,No change,2309,279,4,1.43%
Millis,07/22/2020,50,0,Decrease,1112,179,0,0.00%
Millville,07/22/2020,22,<5,Decrease,401,56,1,1.79%
Milton,07/22/2020,314,8,Increase,4476,651,10,1.54%
Monroe,07/22/2020,0,0,No change,11,0,0,0.00%
Monson,07/22/2020,43,<5,Decrease,955,188,1,0.53%
Montague,07/22/2020,29,0,No change,1267,237,0,0.00%
Monterey,07/22/2020,<5,0,Decrease,109,31,0,0.00%
Montgomery,07/22/2020,<5,0,No change,28,9,0,0.00%
Mount Washington,07/22/2020,0,0,No change,3,0,0,0.00%
Nahant,07/22/2020,41,<5,Increase,623,91,1,1.10%
Nantucket,07/22/2020,26,5,Increase,2071,479,5,1.04%
Natick,07/22/2020,432,12,Increase,5375,703,15,2.13%
Needham,07/22/2020,341,9,No change,5124,844,10,1.18%
New Ashford,07/22/2020,0,0,No change,16,5,0,0.00%
New Bedford,07/22/2020,2197,34,Decrease,21223,1970,53,2.69%
New Braintree,07/22/2020,<5,<5,No change,95,16,2,12.50%
New Marlborough,07/22/2020,7,0,No change,122,25,0,0.00%
New Salem,07/22/2020,<5,0,No change,126,27,0,0.00%
Newbury,07/22/2020,14,0,No change,952,152,0,0.00%
Newburyport,07/22/2020,111,12,Increase,3663,669,17,2.54%
Newton,07/22/2020,789,15,Increase,16086,2395,22,0.92%
Norfolk,07/22/2020,29,<5,Increase,2510,172,2,1.16%
North Adams,07/22/2020,48,<5,Increase,1453,307,3,0.98%
North Andover,07/22/2020,362,7,Decrease,6140,982,8,0.81%
North Attleborough,07/22/2020,266,<5,Decrease,3403,389,5,1.29%
North Brookfield,07/22/2020,18,<5,No change,541,84,1,1.19%
North Reading,07/22/2020,196,5,Increase,2325,384,7,1.82%
Northampton,07/22/2020,283,<5,Decrease,6057,1033,5,0.48%
Northborough,07/22/2020,226,<5,Increase,2528,311,3,0.96%
Northbridge,07/22/2020,314,<5,Increase,3113,353,2,0.57%
Northfield,07/22/2020,<5,0,No change,338,73,0,0.00%
Norton,07/22/2020,140,5,Increase,2558,273,6,2.20%
Norwell,07/22/2020,124,<5,Increase,1622,221,3,1.36%
Norwood,07/22/2020,585,9,Increase,6200,643,11,1.71%
Oak Bluffs,07/22/2020,7,<5,Increase,1028,198,1,0.51%
Oakham,07/22/2020,7,0,No change,235,42,0,0.00%
Orange,07/22/2020,43,<5,Decrease,1367,231,3,1.30%
Orleans,07/22/2020,16,0,No change,790,132,0,0.00%
Otis,07/22/2020,<5,0,No change,150,23,0,0.00%
Oxford,07/22/2020,81,0,No change,1855,285,0,0.00%
Palmer,07/22/2020,52,<5,Decrease,1586,317,2,0.63%
Paxton,07/22/2020,33,0,No change,644,104,0,0.00%
Peabody,07/22/2020,1021,16,Decrease,11121,1624,29,1.79%
Pelham,07/22/2020,<5,0,No change,150,32,0,0.00%
Pembroke,07/22/2020,95,<5,Decrease,2467,295,3,1.02%
Pepperell,07/22/2020,54,<5,Increase,1237,146,2,1.37%
Peru,07/22/2020,<5,0,No change,76,12,0,0.00%
Petersham,07/22/2020,7,0,No change,184,22,0,0.00%
Phillipston,07/22/2020,16,0,No change,239,19,0,0.00%
Pittsfield,07/22/2020,188,5,Decrease,7620,1532,6,0.39%
Plainfield,07/22/2020,<5,0,No change,73,10,0,0.00%
Plainville,07/22/2020,69,<5,Increase,1228,161,5,3.11%
Plymouth,07/22/2020,599,2,Decrease,11206,1414,11,0.78%
Plympton,07/22/2020,11,0,No change,385,34,0,0.00%
Princeton,07/22/2020,6,0,No change,498,110,0,0.00%
Provincetown,07/22/2020,23,<5,No change,933,103,1,0.97%
Quincy,07/22/2020,1195,44,Increase,17211,2361,49,2.08%
Randolph,07/22/2020,967,16,Decrease,7941,734,22,3.00%
Raynham,07/22/2020,239,<5,Decrease,2537,179,1,0.56%
Reading,07/22/2020,305,<5,Decrease,4398,663,5,0.75%
Rehoboth,07/22/2020,67,<5,Increase,1293,168,4,2.38%
Revere,07/22/2020,1870,53,Increase,14082,1627,70,4.30%
Richmond,07/22/2020,5,0,No change,168,35,0,0.00%
Rochester,07/22/2020,39,<5,No change,751,71,3,4.23%
Rockland,07/22/2020,285,<5,Decrease,3138,329,3,0.91%
Rockport,07/22/2020,82,<5,No change,1047,142,2,1.41%
Rowe,07/22/2020,0,0,No change,43,8,0,0.00%
Rowley,07/22/2020,63,<5,Decrease,1082,143,3,2.10%
Royalston,07/22/2020,<5,0,No change,162,29,0,0.00%
Russell,07/22/2020,17,<5,Decrease,198,30,5,16.67%
Rutland,07/22/2020,54,<5,No change,1175,182,2,1.10%
Salem,07/22/2020,651,13,Increase,8876,1229,17,1.38%
Salisbury,07/22/2020,59,5,Decrease,1329,192,5,2.60%
Sandisfield,07/22/2020,<5,0,No change,210,40,0,0.00%
Sandwich,07/22/2020,98,<5,Decrease,2644,396,3,0.76%
Saugus,07/22/2020,566,8,No change,5926,718,12,1.67%
Savoy,07/22/2020,<5,<5,Increase,73,26,1,3.85%
Scituate,07/22/2020,195,5,Decrease,2781,347,5,1.44%
Seekonk,07/22/2020,90,<5,Decrease,1582,225,3,1.33%
Sharon,07/22/2020,161,<5,Increase,2727,347,2,0.58%
Sheffield,07/22/2020,15,0,No change,400,93,0,0.00%
Shelburne,07/22/2020,8,0,No change,511,98,0,0.00%
Sherborn,07/22/2020,15,0,No change,542,90,0,0.00%
Shirley,07/22/2020,176,0,Decrease,2947,99,0,0.00%
Shrewsbury,07/22/2020,340,13,Increase,5898,1044,13,1.25%
Shutesbury,07/22/2020,<5,0,No change,196,48,0,0.00%
Somerset,07/22/2020,212,7,Increase,3685,256,9,3.52%
Somerville,07/22/2020,998,24,Increase,20715,2781,29,1.04%
South Hadley,07/22/2020,168,<5,Decrease,2178,339,2,0.59%
Southampton,07/22/2020,31,0,No change,710,135,0,0.00%
Southborough,07/22/2020,44,0,Decrease,1352,197,1,0.51%
Southbridge,07/22/2020,179,8,Increase,2425,516,8,1.55%
Southwick,07/22/2020,56,<5,Decrease,1231,177,2,1.13%
Spencer,07/22/2020,59,7,Increase,1674,309,7,2.27%
Springfield,07/22/2020,2970,77,Decrease,27162,3765,105,2.79%
Sterling,07/22/2020,123,<5,Increase,1414,189,2,1.06%
Stockbridge,07/22/2020,15,<5,No change,362,67,1,1.49%
Stoneham,07/22/2020,395,5,Decrease,4689,670,6,0.90%
Stoughton,07/22/2020,613,10,Decrease,5556,496,13,2.62%
Stow,07/22/2020,27,0,No change,851,107,0,0.00%
Sturbridge,07/22/2020,44,<5,Increase,1046,245,1,0.41%
Sudbury,07/22/2020,198,<5,No change,2807,325,2,0.62%
Sunderland,07/22/2020,9,0,No change,421,77,0,0.00%
Sutton,07/22/2020,52,<5,Increase,1185,197,2,1.02%
Swampscott,07/22/2020,138,<5,No change,2919,414,5,1.21%
Swansea,07/22/2020,138,<5,Increase,2593,218,3,1.38%
Taunton,07/22/2020,1001,18,Decrease,10764,737,27,3.66%
Templeton,07/22/2020,124,0,No change,1524,215,0,0.00%
Tewksbury,07/22/2020,598,5,Decrease,7296,687,7,1.02%
Tisbury,07/22/2020,10,<5,No change,2003,427,4,0.94%
Tolland,07/22/2020,<5,0,No change,24,4,0,0.00%
Topsfield,07/22/2020,116,0,No change,1259,244,0,0.00%
Townsend,07/22/2020,35,0,No change,1190,139,0,0.00%
Truro,07/22/2020,10,0,No change,327,54,0,0.00%
Tyngsborough,07/22/2020,98,<5,Increase,1911,238,5,2.10%
Tyringham,07/22/2020,<5,0,No change,34,5,0,0.00%
Upton,07/22/2020,25,0,Decrease,812,134,0,0.00%
Uxbridge,07/22/2020,78,0,No change,1831,314,2,0.64%
Wakefield,07/22/2020,326,8,Increase,5474,773,8,1.03%
Wales,07/22/2020,<5,0,No change,166,37,0,0.00%
Walpole,07/22/2020,241,6,No change,4351,442,7,1.58%
Waltham,07/22/2020,1253,13,Decrease,11301,1412,22,1.56%
Ware,07/22/2020,36,<5,No change,1281,256,4,1.56%
Wareham,07/22/2020,219,7,Increase,3727,403,8,1.99%
Warren,07/22/2020,25,<5,Decrease,530,130,1,0.77%
Warwick,07/22/2020,0,0,No change,88,14,0,0.00%
Washington,07/22/2020,<5,0,No change,50,11,0,0.00%
Watertown,07/22/2020,396,<5,Decrease,5810,761,4,0.53%
Wayland,07/22/2020,113,<5,Increase,2237,355,4,1.13%
Webster,07/22/2020,268,8,Decrease,3723,666,11,1.65%
Wellesley,07/22/2020,245,6,Decrease,3965,788,8,1.02%
Wellfleet,07/22/2020,5,0,Decrease,407,64,0,0.00%
Wendell,07/22/2020,0,0,No change,109,16,0,0.00%
Wenham,07/22/2020,20,<5,No change,494,81,1,1.23%
West Boylston,07/22/2020,54,11,Increase,1281,178,11,6.18%
West Bridgewater,07/22/2020,142,<5,No change,1455,120,3,2.50%
West Brookfield,07/22/2020,24,<5,No change,809,203,4,1.97%
West Newbury,07/22/2020,10,0,No change,558,85,0,0.00%
West Springfield,07/22/2020,396,16,Decrease,4648,588,17,2.89%
West Stockbridge,07/22/2020,5,0,No change,179,44,0,0.00%
West Tisbury,07/22/2020,11,<5,Decrease,700,205,1,0.49%
Westborough,07/22/2020,344,8,Decrease,3325,499,9,1.80%
Westfield,07/22/2020,471,7,Decrease,6163,818,9,1.10%
Westford,07/22/2020,145,0,Decrease,3321,401,4,1.00%
Westhampton,07/22/2020,5,0,No change,152,32,0,0.00%
Westminster,07/22/2020,33,<5,No change,1153,178,1,0.56%
Weston,07/22/2020,115,<5,No change,2173,334,2,0.60%
Westport,07/22/2020,100,0,Decrease,2340,239,0,0.00%
Westwood,07/22/2020,137,6,Increase,2493,359,8,2.23%
Weymouth,07/22/2020,740,9,Decrease,9820,1076,14,1.30%
Whately,07/22/2020,5,0,No change,90,16,0,0.00%
Whitman,07/22/2020,194,<5,Increase,2374,243,5,2.06%
Wilbraham,07/22/2020,227,<5,Increase,2208,328,4,1.22%
Williamsburg,07/22/2020,11,0,Decrease,577,113,0,0.00%
Williamstown,07/22/2020,83,0,Decrease,1248,160,0,0.00%
Wilmington,07/22/2020,336,<5,Decrease,3829,521,2,0.38%
Winchendon,07/22/2020,89,0,Decrease,1771,208,0,0.00%
Winchester,07/22/2020,121,<5,Increase,3952,808,3,0.37%
Windsor,07/22/2020,0,0,No change,90,19,0,0.00%
Winthrop,07/22/2020,301,37,Decrease,4094,1036,42,4.05%
Woburn,07/22/2020,655,7,Decrease,7575,962,10,1.04%
Worcester,07/22/2020,5398,88,Decrease,48510,7262,121,1.67%
Worthington,07/22/2020,0,0,No change,143,33,0,0.00%
Wrentham,07/22/2020,201,7,Decrease,2480,290,7,2.41%
Yarmouth,07/22/2020,118,<5,Increase,3907,568,3,0.53%
Unknown,07/22/2020,272,29,*,48352,4990,29,*
State,07/22/2020,107413,2210,Decrease,1369551,180506,3011,1.67%
Abington,07/15/2020,238,<5,No Change,2718.00,258.00,4,1.55%
Acton,07/15/2020,167,6,Increase,3015.00,428.00,6,1.40%
Acushnet,07/15/2020,97,<5,Increase,1409.00,100.00,4,4.00%
Adams,07/15/2020,35,0,No Change,775.00,130.00,0,0.00%
Agawam,07/15/2020,480,24,No Change,5187.00,694.00,29,4.18%
Alford,07/15/2020,<5,0,No Change,28.00,2.00,0,0.00%
Amesbury,07/15/2020,185,5,Increase,2530.00,309.00,6,1.94%
Amherst,07/15/2020,100,<5,Increase,3061.00,482.00,4,0.83%
Andover,07/15/2020,317,<5,Decrease,5544.00,817.00,2,0.24%
Aquinnah,07/15/2020,<5,0,No Change,80.00,27.00,0,0.00%
Arlington,07/15/2020,312,<5,Decrease,6217.00,870.00,4,0.46%
Ashburnham,07/15/2020,33,<5,No Change,799.00,123.00,1,0.81%
Ashby,07/15/2020,15,0,No Change,356.00,46.00,0,0.00%
Ashfield,07/15/2020,<5,<5,Increase,165.00,34.00,2,5.88%
Ashland,07/15/2020,251,<5,No Change,2659.00,273.00,7,2.56%
Athol,07/15/2020,67,<5,Decrease,2013.00,271.00,2,0.74%
Attleboro,07/15/2020,671,5,Decrease,6519.00,626.00,9,1.44%
Auburn,07/15/2020,217,<5,No Change,2612.00,288.00,2,0.69%
Avon,07/15/2020,76,<5,Decrease,785.00,62.00,2,3.23%
Ayer,07/15/2020,142,0,Decrease,3227.00,166.00,1,0.60%
Barnstable,07/15/2020,373,5,Decrease,6539.00,862.00,7,0.81%
Barre,07/15/2020,62,0,No Change,760.00,107.00,0,0.00%
Becket,07/15/2020,16,<5,No Change,190.00,39.00,1,2.56%
Bedford,07/15/2020,259,5,Increase,5863.00,408.00,8,1.96%
Belchertown,07/15/2020,107,<5,No Change,1713.00,260.00,2,0.77%
Bellingham,07/15/2020,138,8,Decrease,2066.00,247.00,8,3.24%
Belmont,07/15/2020,232,<5,Decrease,3551.00,545.00,3,0.55%
Berkley,07/15/2020,71,0,Decrease,983.00,64.00,2,3.13%
Berlin,07/15/2020,20,0,No Change,429.00,47.00,0,0.00%
Bernardston,07/15/2020,7,0,Decrease,241.00,39.00,0,0.00%
Beverly,07/15/2020,620,5,Decrease,6930.00,822.00,11,1.34%
Billerica,07/15/2020,572,21,Decrease,6620.00,794.00,27,3.40%
Blackstone,07/15/2020,55,5,Decrease,1120.00,154.00,5,3.25%
Blandford,07/15/2020,<5,0,No Change,91.00,16.00,0,0.00%
Bolton,07/15/2020,11,0,No Change,575.00,97.00,0,0.00%
Boston,07/15/2020,14316,304,Decrease,141184.00,18043.00,416,2.31%
Bourne,07/15/2020,159,<5,Decrease,3001.00,352.00,4,1.14%
Boxborough,07/15/2020,26,<5,No Change,581.00,70.00,1,1.43%
Boxford,07/15/2020,43,<5,Decrease,989.00,175.00,1,0.57%
Boylston,07/15/2020,21,<5,No Change,586.00,88.00,2,2.27%
Braintree,07/15/2020,816,6,Increase,7152.00,749.00,11,1.47%
Brewster,07/15/2020,107,<5,Decrease,1501.00,280.00,4,1.43%
Bridgewater,07/15/2020,357,0,Decrease,5588.00,347.00,1,0.29%
Brimfield,07/15/2020,7,<5,Increase,357.00,75.00,1,1.33%
Brockton,07/15/2020,4275,35,Decrease,25186.00,1635.00,64,3.91%
Brookfield,07/15/2020,20,<5,Increase,378.00,74.00,1,1.35%
Brookline,07/15/2020,403,11,Decrease,8039.00,1336.00,17,1.27%
Buckland,07/15/2020,8,0,No Change,43.00,4.00,0,0.00%
Burlington,07/15/2020,268,<5,Increase,3762.00,455.00,2,0.44%
Cambridge,07/15/2020,985,13,Decrease,26566.00,3108.00,22,0.71%
Canton,07/15/2020,292,<5,No Change,4392.00,402.00,6,1.49%
Carlisle,07/15/2020,19,<5,No Change,557.00,106.00,2,1.89%
Carver,07/15/2020,61,<5,No Change,1549.00,163.00,3,1.84%
Charlemont,07/15/2020,<5,<5,No Change,150.00,29.00,1,3.45%
Charlton,07/15/2020,86,6,Decrease,2008.00,283.00,9,3.18%
Chatham,07/15/2020,20,<5,Increase,911.00,121.00,2,1.65%
Chelmsford,07/15/2020,341,7,Increase,6531.00,656.00,11,1.68%
Chelsea,07/15/2020,2977,50,Decrease,13627.00,1694.00,80,4.72%
Cheshire,07/15/2020,<5,0,No Change,309.00,49.00,0,0.00%
Chester,07/15/2020,<5,0,No Change,124.00,17.00,0,0.00%
Chesterfield,07/15/2020,<5,<5,No Change,93.00,15.00,1,6.67%
Chicopee,07/15/2020,469,28,Decrease,7541.00,1000.00,29,2.90%
Chilmark,07/15/2020,<5,0,No Change,515.00,184.00,0,0.00%
Clarksburg,07/15/2020,7,0,No Change,119.00,17.00,0,0.00%
Clinton,07/15/2020,257,5,Decrease,2506.00,244.00,6,2.46%
Cohasset,07/15/2020,27,0,Decrease,820.00,109.00,0,0.00%
Colrain,07/15/2020,<5,0,No Change,148.00,27.00,0,0.00%
Concord,07/15/2020,177,6,Increase,4024.00,510.00,7,1.37%
Conway,07/15/2020,<5,0,No Change,220.00,49.00,0,0.00%
Cummington,07/15/2020,<5,0,No Change,113.00,21.00,0,0.00%
Dalton,07/15/2020,16,0,Decrease,789.00,100.00,0,0.00%
Danvers,07/15/2020,741,<5,Decrease,7253.00,874.00,10,1.14%
Dartmouth,07/15/2020,394,6,Increase,5814.00,434.00,10,2.30%
Dedham,07/15/2020,412,7,Increase,5047.00,576.00,10,1.74%
Deerfield,07/15/2020,11,<5,No Change,623.00,117.00,2,1.71%
Dennis,07/15/2020,95,0,No Change,2026.00,272.00,3,1.10%
Dighton,07/15/2020,67,0,No Change,985.00,54.00,0,0.00%
Douglas,07/15/2020,49,<5,No Change,942.00,141.00,2,1.42%
Dover,07/15/2020,18,0,No Change,583.00,108.00,0,0.00%
Dracut,07/15/2020,479,9,Decrease,6473.00,725.00,17,2.34%
Dudley,07/15/2020,95,<5,Decrease,1414.00,265.00,5,1.89%
Dunstable,07/15/2020,10,0,No Change,334.00,44.00,0,0.00%
Duxbury,07/15/2020,117,<5,Decrease,2525.00,308.00,3,0.97%
East Bridgewater,07/15/2020,181,<5,Decrease,2121.00,177.00,1,0.56%
East Brookfield,07/15/2020,13,0,No Change,251.00,53.00,0,0.00%
East Longmeadow,07/15/2020,275,0,Decrease,2577.00,296.00,0,0.00%
Eastham,07/15/2020,10,0,No Change,583.00,90.00,0,0.00%
Easthampton,07/15/2020,87,<5,Decrease,2205.00,375.00,3,0.80%
Easton,07/15/2020,278,<5,Decrease,3552.00,326.00,4,1.23%
Edgartown,07/15/2020,9,<5,Decrease,1361.00,436.00,1,0.23%
Egremont,07/15/2020,5,0,No Change,99.00,15.00,0,0.00%
Erving,07/15/2020,6,0,No Change,202.00,30.00,0,0.00%
Essex,07/15/2020,24,0,No Change,442.00,67.00,0,0.00%
Everett,07/15/2020,1800,36,Increase,11594.00,2416.00,45,1.86%
Fairhaven,07/15/2020,242,<5,Decrease,3302.00,279.00,1,0.36%
Fall River,07/15/2020,1664,52,Decrease,18386.00,1297.00,81,6.25%
Falmouth,07/15/2020,206,<5,Decrease,5955.00,871.00,6,0.69%
Fitchburg,07/15/2020,803,7,Decrease,8617.00,756.00,12,1.59%
Florida,07/15/2020,<5,0,No Change,48.00,3.00,0,0.00%
Foxborough,07/15/2020,117,<5,Decrease,3063.00,507.00,2,0.39%
Framingham,07/15/2020,1756,14,Decrease,12822.00,1074.00,20,1.86%
Franklin,07/15/2020,139,<5,Decrease,3562.00,533.00,2,0.38%
Freetown,07/15/2020,106,7,Increase,1183.00,89.00,7,7.87%
Gardner,07/15/2020,196,<5,Decrease,5568.00,530.00,2,0.38%
Georgetown,07/15/2020,62,<5,Decrease,1081.00,158.00,2,1.27%
Gill,07/15/2020,<5,0,No Change,132.00,23.00,0,0.00%
Gloucester,07/15/2020,260,<5,Increase,4017.00,644.00,3,0.47%
Goshen,07/15/2020,<5,0,No Change,46.00,6.00,0,0.00%
Gosnold,07/15/2020,0,0,No Change,0.00,0.00,0,0.00%
Grafton,07/15/2020,97,<5,Decrease,2156.00,298.00,5,1.68%
Granby,07/15/2020,32,<5,Decrease,622.00,108.00,2,1.85%
Granville,07/15/2020,13,<5,Decrease,195.00,28.00,1,3.57%
Great Barrington,07/15/2020,73,0,Decrease,1584.00,169.00,0,0.00%
Greenfield,07/15/2020,209,<5,Decrease,3069.00,436.00,4,0.92%
Groton,07/15/2020,43,0,No Change,1392.00,144.00,1,0.69%
Groveland,07/15/2020,42,5,Increase,843.00,111.00,7,6.31%
Hadley,07/15/2020,44,0,Decrease,1330.00,190.00,0,0.00%
Halifax,07/15/2020,58,<5,Increase,1052.00,96.00,2,2.08%
Hamilton,07/15/2020,36,0,Decrease,921.00,163.00,2,1.23%
Hampden,07/15/2020,98,0,Decrease,785.00,86.00,0,0.00%
Hancock,07/15/2020,<5,0,No Change,25.00,6.00,0,0.00%
Hanover,07/15/2020,74,0,Decrease,1774.00,236.00,0,0.00%
Hanson,07/15/2020,109,0,Decrease,1519.00,153.00,0,0.00%
Hardwick,07/15/2020,9,0,No Change,265.00,36.00,0,0.00%
Harvard,07/15/2020,18,0,No Change,630.00,108.00,1,0.93%
Harwich,07/15/2020,131,5,No Change,2117.00,268.00,5,1.87%
Hatfield,07/15/2020,18,<5,Increase,417.00,78.00,1,1.28%
Haverhill,07/15/2020,1250,8,Decrease,12463.00,1167.00,16,1.37%
Hawley,07/15/2020,0,0,No Change,17.00,5.00,0,0.00%
Heath,07/15/2020,0,0,No Change,36.00,6.00,0,0.00%
Hingham,07/15/2020,281,<5,Decrease,3696.00,401.00,3,0.75%
Hinsdale,07/15/2020,<5,0,Decrease,268.00,55.00,0,0.00%
Holbrook,07/15/2020,197,<5,Increase,1959.00,193.00,7,3.63%
Holden,07/15/2020,124,<5,No Change,2926.00,379.00,4,1.06%
Holland,07/15/2020,8,0,No Change,206.00,50.00,0,0.00%
Holliston,07/15/2020,56,0,No Change,1711.00,230.00,0,0.00%
Holyoke,07/15/2020,942,25,Increase,8793.00,1233.00,32,2.60%
Hopedale,07/15/2020,43,<5,Increase,955.00,99.00,1,1.01%
Hopkinton,07/15/2020,131,<5,Decrease,2327.00,311.00,4,1.29%
Hubbardston,07/15/2020,7,<5,No Change,530.00,67.00,1,1.49%
Hudson,07/15/2020,195,<5,Increase,2714.00,335.00,6,1.79%
Hull,07/15/2020,52,<5,Increase,1316.00,193.00,3,1.55%
Huntington,07/15/2020,14,0,No Change,274.00,59.00,0,0.00%
Ipswich,07/15/2020,70,0,No Change,2051.00,314.00,0,0.00%
Kingston,07/15/2020,138,<5,No Change,2298.00,292.00,5,1.71%
Lakeville,07/15/2020,61,<5,Decrease,1325.00,112.00,1,0.89%
Lancaster,07/15/2020,101,0,Decrease,1144.00,128.00,0,0.00%
Lanesborough,07/15/2020,8,0,No Change,297.00,50.00,0,0.00%
Lawrence,07/15/2020,3686,146,Increase,22805.00,3101.00,196,6.32%
Lee,07/15/2020,19,0,No Change,742.00,80.00,0,0.00%
Leicester,07/15/2020,153,<5,No Change,1729.00,202.00,2,0.99%
Lenox,07/15/2020,14,<5,Increase,1063.00,126.00,1,0.79%
Leominster,07/15/2020,708,10,Decrease,8731.00,869.00,17,1.96%
Leverett,07/15/2020,<5,0,No Change,226.00,50.00,0,0.00%
Lexington,07/15/2020,331,<5,Decrease,4206.00,540.00,6,1.11%
Leyden,07/15/2020,0,0,No Change,16.00,4.00,0,0.00%
Lincoln,07/15/2020,41,0,Decrease,1140.00,144.00,1,0.69%
Littleton,07/15/2020,101,<5,No Change,1340.00,194.00,2,1.03%
Longmeadow,07/15/2020,223,6,Increase,2345.00,322.00,6,1.86%
Lowell,07/15/2020,2958,52,Decrease,27126.00,2759.00,82,2.97%
Ludlow,07/15/2020,129,5,No Change,2837.00,413.00,6,1.45%
Lunenburg,07/15/2020,66,<5,No Change,1482.00,182.00,2,1.10%
Lynn,07/15/2020,3725,72,Increase,23955.00,2766.00,116,4.19%
Lynnfield,07/15/2020,98,<5,Decrease,1842.00,272.00,4,1.47%
Malden,07/15/2020,1267,26,Decrease,11899.00,1366.00,36,2.64%
Manchester,07/15/2020,20,0,No Change,543.00,108.00,0,0.00%
Mansfield,07/15/2020,166,<5,Decrease,2905.00,305.00,3,0.98%
Marblehead,07/15/2020,240,6,Decrease,3552.00,614.00,8,1.30%
Marion,07/15/2020,13,0,No Change,787.00,68.00,0,0.00%
Marlborough,07/15/2020,1000,13,Decrease,8120.00,800.00,14,1.75%
Marshfield,07/15/2020,171,<5,No Change,3435.00,426.00,3,0.70%
Mashpee,07/15/2020,67,<5,Increase,2510.00,412.00,7,1.70%
Mattapoisett,07/15/2020,37,0,Decrease,785.00,94.00,1,1.06%
Maynard,07/15/2020,71,0,No Change,1530.00,183.00,0,0.00%
Medfield,07/15/2020,39,<5,Increase,1383.00,219.00,5,2.28%
Medford,07/15/2020,1047,15,Decrease,11557.00,1452.00,23,1.58%
Medway,07/15/2020,120,<5,Decrease,1641.00,212.00,2,0.94%
Melrose,07/15/2020,255,10,Decrease,4560.00,734.00,13,1.77%
Mendon,07/15/2020,31,<5,No Change,642.00,87.00,1,1.15%
Merrimac,07/15/2020,35,0,No Change,838.00,95.00,0,0.00%
Methuen,07/15/2020,1050,19,Decrease,9954.00,1101.00,28,2.54%
Middleborough,07/15/2020,269,<5,Decrease,3835.00,289.00,5,1.73%
Middlefield,07/15/2020,0,0,No Change,19.00,2.00,0,0.00%
Middleton,07/15/2020,169,<5,Decrease,1547.00,153.00,4,2.61%
Milford,07/15/2020,652,8,Decrease,5669.00,694.00,11,1.59%
Millbury,07/15/2020,215,<5,Decrease,2127.00,234.00,4,1.71%
Millis,07/15/2020,50,<5,Decrease,989.00,120.00,1,0.83%
Millville,07/15/2020,22,<5,No Change,365.00,53.00,5,9.43%
Milton,07/15/2020,307,5,Decrease,4049.00,535.00,6,1.12%
Monroe,07/15/2020,0,0,No Change,11.00,1.00,0,0.00%
Monson,07/15/2020,42,5,No Change,838.00,129.00,5,3.88%
Montague,07/15/2020,29,0,Decrease,1096.00,153.00,0,0.00%
Monterey,07/15/2020,<5,<5,No Change,89.00,23.00,1,4.35%
Montgomery,07/15/2020,<5,0,No Change,22.00,4.00,0,0.00%
Mount Washington,07/15/2020,0,0,No Change,3.00,0.00,0,0.00%
Nahant,07/15/2020,40,0,No Change,557.00,65.00,0,0.00%
Nantucket,07/15/2020,22,<5,Decrease,1785.00,430.00,3,0.70%
Natick,07/15/2020,421,<5,Decrease,4916.00,711.00,6,0.84%
Needham,07/15/2020,334,6,No Change,4575.00,635.00,8,1.26%
New Ashford,07/15/2020,0,0,No Change,12.00,2.00,0,0.00%
New Bedford,07/15/2020,2167,22,Decrease,19795.00,1357.00,56,4.13%
New Braintree,07/15/2020,<5,<5,Increase,86.00,12.00,1,8.33%
New Marlborough,07/15/2020,7,0,No Change,103.00,11.00,0,0.00%
New Salem,07/15/2020,<5,0,No Change,105.00,12.00,1,8.33%
Newbury,07/15/2020,14,0,Decrease,854.00,144.00,0,0.00%
Newburyport,07/15/2020,101,<5,No Change,3153.00,448.00,5,1.12%
Newton,07/15/2020,776,6,Decrease,14730.00,2285.00,16,0.70%
Norfolk,07/15/2020,28,<5,Increase,2387.00,140.00,1,0.71%
North Adams,07/15/2020,47,<5,Increase,1230.00,166.00,2,1.20%
North Andover,07/15/2020,358,13,Increase,5585.00,841.00,14,1.66%
North Attleborough,07/15/2020,263,6,Decrease,3101.00,282.00,11,3.90%
North Brookfield,07/15/2020,18,<5,No Change,492.00,86.00,1,1.16%
North Reading,07/15/2020,193,<5,Decrease,2091.00,318.00,5,1.57%
Northampton,07/15/2020,282,<5,Decrease,5360.00,763.00,3,0.39%
Northborough,07/15/2020,224,<5,No Change,2337.00,274.00,1,0.36%
Northbridge,07/15/2020,312,<5,No Change,2886.00,299.00,1,0.33%
Northfield,07/15/2020,<5,0,No Change,283.00,45.00,0,0.00%
Norton,07/15/2020,137,<5,Increase,2360.00,209.00,3,1.44%
Norwell,07/15/2020,123,0,No Change,1473.00,178.00,1,0.56%
Norwood,07/15/2020,584,5,Increase,5801.00,651.00,8,1.23%
Oak Bluffs,07/15/2020,6,0,Decrease,916.00,193.00,0,0.00%
Oakham,07/15/2020,7,0,No Change,204.00,30.00,0,0.00%
Orange,07/15/2020,42,<5,Increase,1215.00,182.00,3,1.65%
Orleans,07/15/2020,16,0,No Change,728.00,131.00,0,0.00%
Otis,07/15/2020,<5,0,No Change,129.00,14.00,0,0.00%
Oxford,07/15/2020,81,0,Decrease,1685.00,253.00,1,0.40%
Palmer,07/15/2020,52,<5,No Change,1374.00,245.00,2,0.82%
Paxton,07/15/2020,33,0,No Change,584.00,85.00,1,1.18%
Peabody,07/15/2020,1013,18,Increase,10231.00,1339.00,28,2.09%
Pelham,07/15/2020,<5,0,No Change,130.00,24.00,0,0.00%
Pembroke,07/15/2020,94,<5,No Change,2271.00,268.00,5,1.87%
Pepperell,07/15/2020,53,<5,No Change,1155.00,137.00,1,0.73%
Peru,07/15/2020,<5,0,No Change,68.00,7.00,0,0.00%
Petersham,07/15/2020,7,0,No Change,170.00,27.00,0,0.00%
Phillipston,07/15/2020,16,0,Decrease,225.00,26.00,0,0.00%
Pittsfield,07/15/2020,186,10,Increase,6501.00,794.00,10,1.26%
Plainfield,07/15/2020,<5,0,No Change,68.00,10.00,0,0.00%
Plainville,07/15/2020,65,0,Decrease,1118.00,122.00,0,0.00%
Plymouth,07/15/2020,606,9,Decrease,10235.00,1106.00,26,2.35%
Plympton,07/15/2020,11,0,No Change,367.00,50.00,0,0.00%
Princeton,07/15/2020,6,0,No Change,433.00,78.00,0,0.00%
Provincetown,07/15/2020,22,0,No Change,871.00,77.00,0,0.00%
Quincy,07/15/2020,1167,30,Increase,15562.00,1698.00,40,2.36%
Randolph,07/15/2020,967,19,Increase,7474.00,674.00,22,3.26%
Raynham,07/15/2020,240,<5,No Change,2416.00,145.00,3,2.07%
Reading,07/15/2020,304,5,No Change,4005.00,600.00,5,0.83%
Rehoboth,07/15/2020,63,0,No Change,1179.00,130.00,0,0.00%
Revere,07/15/2020,1838,39,Decrease,13182.00,1424.00,59,4.14%
Richmond,07/15/2020,5,0,No Change,142.00,30.00,0,0.00%
Rochester,07/15/2020,38,<5,Decrease,696.00,49.00,2,4.08%
Rockland,07/15/2020,284,<5,Decrease,2920.00,270.00,5,1.85%
Rockport,07/15/2020,82,<5,Increase,975.00,150.00,2,1.33%
Rowe,07/15/2020,0,0,No Change,36.00,1.00,0,0.00%
Rowley,07/15/2020,62,<5,Decrease,1012.00,162.00,7,4.32%
Royalston,07/15/2020,<5,0,No Change,140.00,22.00,0,0.00%
Russell,07/15/2020,16,<5,Increase,177.00,31.00,4,12.90%
Rutland,07/15/2020,54,<5,Increase,1064.00,142.00,2,1.41%
Salem,07/15/2020,641,8,Decrease,8086.00,1020.00,13,1.27%
Salisbury,07/15/2020,55,<5,Increase,1193.00,150.00,3,2.00%
Sandisfield,07/15/2020,<5,0,No Change,177.00,15.00,0,0.00%
Sandwich,07/15/2020,97,<5,Increase,2427.00,390.00,4,1.03%
Saugus,07/15/2020,562,7,Increase,5530.00,709.00,14,1.97%
Savoy,07/15/2020,<5,0,No Change,55.00,15.00,0,0.00%
Scituate,07/15/2020,194,5,Increase,2554.00,333.00,5,1.50%
Seekonk,07/15/2020,86,<5,Decrease,1419.00,185.00,4,2.16%
Sharon,07/15/2020,160,<5,Decrease,2490.00,327.00,1,0.31%
Sheffield,07/15/2020,15,0,No Change,335.00,49.00,0,0.00%
Shelburne,07/15/2020,8,0,No Change,447.00,80.00,0,0.00%
Sherborn,07/15/2020,15,0,No Change,474.00,79.00,0,0.00%
Shirley,07/15/2020,177,<5,No Change,2877.00,77.00,1,1.30%
Shrewsbury,07/15/2020,331,9,Decrease,5319.00,860.00,9,1.05%
Shutesbury,07/15/2020,<5,0,No Change,163.00,38.00,0,0.00%
Somerset,07/15/2020,206,<5,Decrease,3492.00,221.00,4,1.81%
Somerville,07/15/2020,978,10,Decrease,18929.00,2335.00,19,0.81%
South Hadley,07/15/2020,150,<5,No Change,1917.00,281.00,3,1.07%
Southampton,07/15/2020,31,0,Decrease,622.00,101.00,0,0.00%
Southborough,07/15/2020,44,<5,Decrease,1202.00,181.00,3,1.66%
Southbridge,07/15/2020,171,<5,Decrease,2112.00,452.00,4,0.88%
Southwick,07/15/2020,55,<5,Decrease,1119.00,186.00,3,1.61%
Spencer,07/15/2020,52,0,Decrease,1491.00,245.00,0,0.00%
Springfield,07/15/2020,2919,70,Decrease,24644.00,2986.00,101,3.38%
Sterling,07/15/2020,122,0,Decrease,1293.00,144.00,1,0.69%
Stockbridge,07/15/2020,14,0,No Change,324.00,85.00,0,0.00%
Stoneham,07/15/2020,392,6,Decrease,4291.00,601.00,6,1.00%
Stoughton,07/15/2020,621,8,Decrease,5242.00,441.00,9,2.04%
Stow,07/15/2020,27,0,No Change,783.00,93.00,0,0.00%
Sturbridge,07/15/2020,43,0,Decrease,903.00,215.00,1,0.47%
Sudbury,07/15/2020,199,<5,Increase,2596.00,287.00,2,0.70%
Sunderland,07/15/2020,9,0,No Change,372.00,65.00,0,0.00%
Sutton,07/15/2020,50,0,No Change,1076.00,205.00,0,0.00%
Swampscott,07/15/2020,136,<5,No Change,2674.00,344.00,6,1.74%
Swansea,07/15/2020,136,<5,Decrease,2434.00,168.00,2,1.19%
Taunton,07/15/2020,992,17,Decrease,10194.00,521.00,25,4.80%
Templeton,07/15/2020,124,0,Decrease,1378.00,172.00,0,0.00%
Tewksbury,07/15/2020,597,9,Increase,6955.00,661.00,15,2.27%
Tisbury,07/15/2020,10,<5,Increase,1796.00,493.00,3,0.61%
Tolland,07/15/2020,<5,0,No Change,20.00,3.00,0,0.00%
Topsfield,07/15/2020,116,0,Decrease,1065.00,142.00,1,0.70%
Townsend,07/15/2020,35,0,No Change,1111.00,134.00,0,0.00%
Truro,07/15/2020,10,0,No Change,301.00,44.00,0,0.00%
Tyngsborough,07/15/2020,95,<5,Increase,1764.00,221.00,3,1.36%
Tyringham,07/15/2020,<5,0,No Change,30.00,4.00,0,0.00%
Upton,07/15/2020,25,<5,No Change,727.00,112.00,1,0.89%
Uxbridge,07/15/2020,78,0,Decrease,1616.00,232.00,4,1.72%
Wakefield,07/15/2020,321,5,Increase,5040.00,726.00,5,0.69%
Wales,07/15/2020,<5,0,No Change,149.00,33.00,0,0.00%
Walpole,07/15/2020,238,5,No Change,4065.00,438.00,6,1.37%
Waltham,07/15/2020,1252,12,Decrease,10373.00,1166.00,22,1.89%
Ware,07/15/2020,33,<5,Increase,1115.00,193.00,2,1.04%
Wareham,07/15/2020,216,<5,Increase,3412.00,220.00,4,1.82%
Warren,07/15/2020,24,<5,No Change,446.00,99.00,2,2.02%
Warwick,07/15/2020,0,0,No Change,80.00,14.00,0,0.00%
Washington,07/15/2020,<5,0,No Change,42.00,5.00,0,0.00%
Watertown,07/15/2020,396,<5,Decrease,5326.00,656.00,7,1.07%
Wayland,07/15/2020,109,<5,Decrease,2031.00,331.00,2,0.60%
Webster,07/15/2020,263,6,Decrease,3261.00,547.00,11,2.01%
Wellesley,07/15/2020,239,5,Decrease,3457.00,544.00,6,1.10%
Wellfleet,07/15/2020,5,<5,No Change,372.00,54.00,1,1.85%
Wendell,07/15/2020,0,0,No Change,100.00,13.00,0,0.00%
Wenham,07/15/2020,20,<5,No Change,446.00,80.00,1,1.25%
West Boylston,07/15/2020,48,5,Increase,1175.00,141.00,5,3.55%
West Bridgewater,07/15/2020,141,0,No Change,1374.00,103.00,3,2.91%
West Brookfield,07/15/2020,22,<5,Increase,686.00,121.00,3,2.48%
West Newbury,07/15/2020,10,0,No Change,519.00,120.00,0,0.00%
West Springfield,07/15/2020,391,16,Increase,4255.00,488.00,17,3.48%
West Stockbridge,07/15/2020,5,0,No Change,150.00,30.00,0,0.00%
West Tisbury,07/15/2020,11,<5,Increase,596.00,214.00,5,2.34%
Westborough,07/15/2020,336,<5,Increase,2978.00,356.00,2,0.56%
Westfield,07/15/2020,466,10,Decrease,5643.00,939.00,14,1.49%
Westford,07/15/2020,145,<5,Decrease,3056.00,391.00,7,1.79%
Westhampton,07/15/2020,5,0,No Change,139.00,34.00,0,0.00%
Westminster,07/15/2020,33,<5,Increase,1034.00,144.00,1,0.69%
Weston,07/15/2020,112,<5,Decrease,1971.00,319.00,1,0.31%
Westport,07/15/2020,100,<5,Decrease,2174.00,194.00,2,1.03%
Westwood,07/15/2020,132,<5,Decrease,2249.00,303.00,4,1.32%
Weymouth,07/15/2020,735,12,Decrease,9154.00,994.00,21,2.11%
Whately,07/15/2020,5,0,No Change,79.00,12.00,0,0.00%
Whitman,07/15/2020,190,<5,Decrease,2211.00,225.00,3,1.33%
Wilbraham,07/15/2020,226,<5,Increase,2001.00,265.00,2,0.75%
Williamsburg,07/15/2020,11,<5,No Change,494.00,90.00,1,1.11%
Williamstown,07/15/2020,83,<5,No Change,1145.00,117.00,1,0.85%
Wilmington,07/15/2020,337,5,Decrease,3529.00,474.00,5,1.05%
Winchendon,07/15/2020,89,<5,No Change,1627.00,174.00,2,1.15%
Winchester,07/15/2020,119,<5,Increase,3471.00,597.00,3,0.50%
Windsor,07/15/2020,0,0,No Change,77.00,9.00,0,0.00%
Winthrop,07/15/2020,297,39,Increase,3673.00,867.00,40,4.61%
Woburn,07/15/2020,650,11,Decrease,7003.00,866.00,18,2.08%
Worcester,07/15/2020,5352,84,Decrease,43730.00,5105.00,131,2.57%
Worthington,07/15/2020,0,0,No Change,122.00,27.00,0,0.00%
Wrentham,07/15/2020,193,<5,Decrease,2275.00,223.00,2,0.90%
Yarmouth,07/15/2020,115,0,Decrease,3596.00,515.00,0,0.00%
Unknown,07/15/2020,264,23,*,45664.00,4768.00,23,*
State,07/15/2020,106128,1996,Increase,1256303.00,151282.00,2888,1.91%